time,loss,theta,phi,gamma,bx,by,bz
0.017380302771925926,-0.5032631158828735,2.5660786990143167,0.8489020089544801,0.9113742266734282,185.6670846178451,182.76389961089296,147.13066257573468
0.034549699164927006,-0.506278395652771,2.6943826339650325,0.8489020089544801,0.9113742266734282,185.6670846178451,182.76389961089296,147.13066257573468
0.051733728498220444,-0.48290008306503296,2.5660786990143167,0.8913471094022042,0.9113742266734282,185.6670846178451,182.76389961089296,147.13066257573468
0.06898992788046598,-0.5129809975624084,2.5660786990143167,0.8489020089544801,0.9569429380070996,185.6670846178451,182.76389961089296,147.13066257573468
0.08615433424711227,-0.41076555848121643,2.5660786990143167,0.8489020089544801,0.9113742266734282,194.95043884873735,182.76389961089296,147.13066257573468
0.10348199680447578,-0.5014213919639587,2.5660786990143167,0.8489020089544801,0.9113742266734282,185.6670846178451,191.90209459143762,147.13066257573468
0.12110661063343287,-0.5505983233451843,2.5660786990143167,0.8489020089544801,0.9113742266734282,185.6670846178451,182.76389961089296,154.4871957045214
0.13846808392554522,-0.5297249555587769,2.608846677331221,0.8630503757703882,0.9265637971179852,176.3837303869529,185.80996460440787,149.58284028533024
0.1561116511002183,-0.5568660497665405,2.623102670103523,0.8111730307787256,0.9316269872661707,182.5726332075477,186.82531960224617,150.40023285519544
0.17368107289075851,-0.5707110166549683,2.6516146556481264,0.7710859914669863,0.941753367562542,181.02540750239905,188.85602959792277,152.03501799492585
0.19112431444227695,-0.5581727623939514,2.6516146556481273,0.8276794587306182,0.9417533675625422,181.02540750239905,176.6717696238632,152.03501799492585
0.2086166050285101,-0.570186972618103,2.6801266411927296,0.8206052753226645,0.9518797478589134,179.4781817972504,183.77925460873132,153.66980313465626
0.2263472992926836,-0.5762355327606201,2.5470707086512467,0.8111730307787259,0.965381588254075,177.41521419038543,184.11770627467735,155.84951665429674
0.24412392172962427,-0.5754797458648682,2.4734147459943543,0.7923085416908489,0.9923852690443984,173.28927897665562,184.79460960656957,160.2089436935778
0.2617126191034913,-0.566443145275116,2.669038646814272,0.798596704720141,0.9226257603360623,174.66459071456558,184.56897516260545,158.75580134715074
0.2793674450367689,-0.5717631578445435,2.646334658325051,0.7629637808874838,0.951692222297869,183.3748983879953,181.10924702182308,159.36127732482868
0.29689234774559736,-0.5980192422866821,2.715854623078868,0.7484660716810596,0.9803211246172399,173.32748208048656,183.6037611523147,156.08161577907327
0.31442941818386316,-0.6163702011108398,2.7907425851111434,0.6982481030443495,1.0147945735891457,167.15768081180727,184.02369192302558,156.8788258163492
0.3321903310716152,-0.5982564091682434,2.6766946429327287,0.7265448366761655,0.9742890524036603,173.34658363240197,192.14653190573193,160.14839609580997
0.3497398626059294,-0.5921898484230042,2.661822650472736,0.7316103013386508,1.0106377569860059,179.2680647261809,186.77517861469858,153.89181099313817
0.3676275396719575,-0.6288794279098511,2.644633325854281,0.6799367394081228,1.0009697725055196,174.38443461980626,188.56354050389507,159.0518118251266
0.3855971712619066,-0.6516942977905273,2.6268866681850565,0.6096024714508519,1.0255147848288226,171.8375610310842,190.95568345147694,161.74281617036178
0.4036180265247822,-0.6345525979995728,2.6649026489111947,0.675628183258423,1.039016625223984,169.77459342421935,184.18665013255503,163.9225296900023
0.4216342503204942,-0.631865918636322,2.6763719764296514,0.6546385279615716,1.0581859047973623,162.89166755069772,192.95923374556543,158.11668781515738
0.4393045296892524,-0.643693208694458,2.818736348696256,0.5542511104646113,1.075431311022252,164.01016953507832,192.89795031634054,162.3841722059762
0.457124512642622,-0.6208218336105347,2.7562889729492746,0.57469410961334,1.0517729936357365,157.071353935582,192.2814018768666,167.1726649380808
0.4747881628572941,-0.6721323132514954,2.7679484238281296,0.5291426652548834,1.1139496786287744,157.56775846375433,186.9550052428781,163.2575027828326
0.4919878728687763,-0.6983693242073059,2.8135753142758304,0.43044157954424245,1.1837799917413312,149.67834587943048,184.35924191145114,164.81205612634392
0.5097373789176345,-0.6817103028297424,2.6615113913712785,0.46817055771999727,1.129772630160684,157.9302163068901,195.18969522172625,169.17148316562486
0.5275727324187756,-0.6950925588607788,2.664372476340481,0.5562167005198926,1.1187940889557422,168.30283064021802,187.90141638283848,159.54391678640803
0.5451201386749744,-0.7089796662330627,2.740289639497048,0.4434650063577681,1.1325839058469098,164.2862380549425,185.53764539323072,169.07563689974836
0.5624113921076059,-0.7362381815910339,2.7722484710307462,0.3378782455558662,1.1697829063716836,164.98352330706484,181.82685121706334,174.55511144204388
0.5797837590798736,-0.7168685793876648,2.787540907722022,0.30989203849339764,1.1953419458028545,155.80628880903595,193.5236293677438,166.8139889422506
0.5975548904389143,-0.7500715851783752,2.6233087276122156,0.3498160872968048,1.1988974715981202,158.83608578949622,185.02088886775948,169.82895200503486
0.6152398195117712,-0.7287644147872925,2.5255949170701957,0.24759857571290156,1.260630551886054,156.2490439167052,181.08235814346892,173.5513419045642
0.6323368465527892,-0.7415466904640198,2.813965761265801,0.20786926492588176,1.306608226714649,146.67486921296097,184.98489087138387,173.16568665220694
0.649517722427845,-0.7715694904327393,2.830159161377754,0.2625340810586978,1.2612955802341097,156.83043157251205,177.34927765102043,167.06842081913788
0.6662920201197267,-0.7798940539360046,2.914483046380992,0.15971584272804806,1.3270570552708225,156.28053920532307,168.42906886566755,166.01688964589437
0.6830383902415633,-0.7271733283996582,2.9106682664220545,0.04232098566152109,1.341695110210745,142.45038676088586,178.14677398418462,178.8536448181835
0.7001608749851584,-0.751059889793396,2.7938297458687797,0.038722575342930776,1.3293475802482937,158.66555181549182,179.6181258131498,178.26603504219412
0.7170588094741106,-0.7109013199806213,2.8219604318048406,0.06888229534361989,1.362454171001917,153.49069655470498,165.8185705053258,180.0814509262686
0.7341997912153602,-0.7481327652931213,2.7961457887427263,0.2496396027059532,1.23712000210262,155.2273907454532,186.5973646521393,170.13085443825508
0.7519714487716556,-0.7599776387214661,2.6606589138783665,0.4055595538569739,1.181242637224651,171.1055999310442,184.01228944486985,165.13419825702618
0.769224751740694,-0.7645891904830933,2.7618821902188815,0.13256273006299796,1.356974751348035,150.61315559285833,181.06069162125993,166.29242723815992
0.7866815617308021,-0.7777353525161743,2.7028037096348534,0.23746953240535457,1.2369382725495317,170.23457181359464,176.59458555023144,165.39076555664786
0.8040930200368166,-0.7524394392967224,2.689509655788637,0.19164250452508347,1.306365920643865,166.6844439704829,171.64785206883997,166.84556814339737
0.8209765208885074,-0.7772717475891113,2.8844136929779545,0.038741492343658035,1.3804112674969464,165.69186832010212,168.76664892024667,166.15300928940508
0.8383854692801833,-0.7532879114151001,2.744087323757782,0.34984130996444124,1.266982387929657,168.20450779564328,170.55225301055532,153.67825100131614
0.8554914426058531,-0.794916570186615,2.8665999698276403,0.2496543159287411,1.276836203296016,160.6923035823723,178.15732706877034,160.7096121860858
0.8724127225577831,-0.7723366618156433,2.9551451268471425,0.2786602216305699,1.262071344622092,157.69623338831695,181.4120645687355,157.64163420743
0.8893759371712804,-0.7636737823486328,2.852859850548448,0.05805984581081658,1.319504341132344,156.66817168612158,181.78795081312654,176.2207163897569
0.9060067944228649,-0.7329623103141785,3.00035523931789,-0.11349163409710183,1.4513313264732477,148.9546034690798,167.58646816823097,168.46027517829043
0.9233280988410115,-0.7899783253669739,2.745582995238247,0.27579675686845495,1.2487648095368002,165.5678508155531,179.90583412571013,165.96571748734226
0.9406520016491413,-0.7546212673187256,2.7723953508777415,0.3065870443016016,1.2894897787003736,166.35859142381292,169.18343457083552,153.95542407808819
0.9576427899301052,-0.781976044178009,2.8327437256307713,0.12019164543351284,1.3120007005243512,159.09077662054443,178.63682175255377,170.65439331183973
0.9746746681630611,-0.7601289749145508,2.88699352301127,0.22796046517292518,1.237028018210121,175.23948119297148,169.10273713980007,165.3377019209118
0.9917702516540885,-0.7824844717979431,2.793160023416979,0.15641216384047976,1.3269880680635566,156.76973699288664,178.07120300089497,166.05374590884787
1.0092133218422532,-0.742662787437439,2.7340441303985408,0.36100526005787237,1.1957837689167468,157.18672468998926,184.49829786769607,165.4440320761475
1.026138899847865,-0.7911860942840576,2.846821302333101,0.11930743427221162,1.3342543928518964,163.56558241257392,172.69956115710903,165.97576498609067
1.04291354957968,-0.7994730472564697,2.963659977974391,0.12288985395179486,1.3716954706316158,150.42102472948977,175.37201977333712,166.401275618719
1.0593662839382887,-0.790932297706604,3.09408811214416,0.06560001472501498,1.4390740696726576,140.51425118743737,174.76073688488998,166.9065306497546
1.0766774946823716,-0.7980160713195801,2.7683729517593845,0.18836821403701703,1.296456159697256,162.42188584581692,185.85185342712424,165.90328018708072
1.0938139772042632,-0.8031724095344543,2.8286553478858103,0.25061793419938694,1.3063310008346956,160.72201817235316,178.04911109842823,159.68207214621572
1.1109422575682402,-0.7951772212982178,2.8266111590133303,0.31583107858232395,1.3034961509898677,161.5376389482575,177.75525577136546,154.19591156340368
1.1280255746096373,-0.8079031109809875,2.880070824922546,0.24579933924538908,1.2844579442192035,164.3604848598331,178.607365882598,162.15882829499685
1.1450881231576204,-0.8000370860099792,2.92352622567533,0.29049292694784373,1.2631928822970266,168.15585879330632,178.87544732344952,160.21136948807134
1.1618714537471533,-0.8205189108848572,2.9724771296627104,0.11641560700972531,1.3745789143067606,155.15991571859328,176.33991201007885,160.97789365238737
1.1783796809613705,-0.8206308484077454,3.0859241968749416,0.03672503208036049,1.4374859666917406,149.95594817011334,174.5569509522632,158.4839817349099
1.1953185675665736,-0.7846499085426331,2.9509397874151366,0.24537746220868484,1.3234998556049455,152.6256393740856,184.16531491039808,158.47058506991198
1.212255673483014,-0.8073444366455078,2.87285092360361,0.15082494125632992,1.3315657585401586,160.83059665295184,175.5659995954313,164.099470007046
1.2290728418156505,-0.8218646049499512,2.933244771179254,0.08208745566135167,1.3991612302422072,155.5450158944804,177.84377317429042,164.86669047690356
1.2457662196829915,-0.8210924863815308,2.9665671718550612,-0.0016959744723430425,1.460323743715303,152.97137205053446,177.68699622705043,166.94522962231247
1.262319890782237,-0.8223273158073425,3.0864290623874666,0.10794663809452065,1.4137762973559513,151.52314364725692,167.47988673165855,159.32749257251623
1.2790230074897408,-0.7866190075874329,3.2454571177015072,0.06773585012327243,1.472436366185299,146.0737725479769,158.29390338392568,156.03959876523402
1.2959744995459914,-0.835273027420044,2.9320650643101516,0.16844392622731807,1.3525639286630367,163.89137773617313,175.3290093715528,156.47156945881034
1.3129397192969918,-0.8307501673698425,2.916267607478032,0.19122096236507968,1.342998157678747,170.6265542395148,175.30750417066065,151.50671637885603
1.3294511018320918,-0.8355790972709656,3.1015395998735125,0.013324509989036393,1.433339374402737,154.64683748124975,171.74521747083656,162.12060536884525
1.346058376133442,-0.8047748804092407,3.237981725867364,-0.10532220211613885,1.4968435611867577,151.60924713569807,168.59327065704076,163.33987198016
1.3626448195427656,-0.840745210647583,3.133573582912348,0.06728402584299553,1.4420291553181332,152.47700594341705,172.95473493230188,157.04358596194803
1.3792889602482319,-0.8214284777641296,3.2639349125667163,0.025513568136328324,1.4972608537071208,148.30021058864963,171.6491026007372,153.515643939399
1.395802503451705,-0.7728431224822998,3.210854600923345,-0.08719547661352814,1.5416607066720651,144.98595809773042,168.02915832836976,157.27914689631422
1.412601064890623,-0.8285534977912903,2.962766768922746,0.16255063528065977,1.3487586348324188,159.5168531693074,175.96281399404094,160.9389079453262
1.4294432112947106,-0.8375018239021301,2.9639487529868846,0.16382069828493354,1.3590569069130876,162.5774631205149,172.5481942726305,161.77230219320666
1.4461050881072879,-0.8424707055091858,3.126862839285116,0.14570268891180296,1.384013535586247,159.33254447149267,167.49617908338334,154.35813068998067
1.462928157299757,-0.8256496787071228,3.2236718733380467,0.17751030553702862,1.3764396882582672,161.2263087599988,162.3223820379298,149.10385079651923
1.4798410180956125,-0.8514288663864136,2.987156473709452,0.13242885675106142,1.359477547882602,165.95755032679472,177.86549630992346,158.24087463352282
1.4967905674129725,-0.8393656015396118,2.937520179370445,0.1446699660793318,1.3323281731459273,173.17475366656362,183.05830109905594,157.69756566402611
1.5134502872824669,-0.8594825863838196,3.1189486687697414,0.06778426672172283,1.4280681814228626,160.11073985724,170.01679648616854,155.7301148234451
1.5301350727677345,-0.8537414073944092,3.197039618693239,0.02040108244225436,1.4677229547180843,160.40768320120628,167.04378773223237,153.1257182625045
1.5468360036611557,-0.8463615775108337,3.2119449082021996,0.028337755939866177,1.44943097184552,154.4760026640633,168.87986348019535,159.9503017648392
1.5635388297960162,-0.8555038571357727,3.0792721420817344,0.1884615874950911,1.3740193919200805,163.66359797992448,171.50853738403117,153.57783132013554
1.5803706087172031,-0.8411121964454651,3.255304118666646,0.046179028935913136,1.4532893544120609,156.09501729379582,170.3590082860374,151.19464420475043
1.5970890196040273,-0.8587894439697266,3.126256133992616,0.13568070240882368,1.374070505704991,167.40147825435326,169.08722541094457,153.97371318360987
1.6140022240579128,-0.8324193358421326,2.9615096033469737,0.1866195904735429,1.336404023708707,167.5522872241603,171.25902443217808,160.74901126709403
1.6306716725230217,-0.8577975630760193,3.181855489836728,0.08128916932032057,1.4240680217362223,158.95933477638692,170.58401232257256,153.58323597033632
1.6473141768947244,-0.8792985081672668,3.1082817662457076,0.0656247573004923,1.4190313379178463,164.19035681476157,175.1511313812285,157.32722654198227
1.663925132714212,-0.8907403945922852,3.0989912297260034,0.025585791494836974,1.4365402390836457,166.61926298639605,178.97860753015112,158.81177446798307
1.6809352058917284,-0.8492128849029541,2.985548471169892,0.18207236879075267,1.3493169907379476,173.09465206296852,177.13369500106842,151.3555463681717
1.6976858442649245,-0.8648344278335571,3.042147580427969,0.14363871557803104,1.3743454860148407,168.43998971324223,175.07023712085015,153.5042352173386
1.7144483029842377,-0.8677746057510376,3.228667274568812,0.08171788758854734,1.444226394078279,162.44058419571962,167.2163091083159,151.4860936940933
1.7310075042769313,-0.873569905757904,3.1863499836922218,-0.009896076457663633,1.4530868840935325,164.3268652811882,172.14252527563644,155.45189113213326
1.747625594958663,-0.8857901096343994,3.085264800555727,0.06688125979111217,1.4127112083964946,170.8203053196595,173.58655465478301,156.06937153586472
1.7641666876152158,-0.8839936256408691,3.127200378587542,-0.010443420836628109,1.4755889586582276,163.51777086346192,176.58311798102378,156.37744710667616
1.7807130366563797,-0.9034915566444397,3.1372584137496835,0.031377118997689094,1.4374315420188104,171.9441862626491,177.84232073741825,154.83682289458466
1.7971875788643956,-0.904494047164917,3.146413286239655,0.013173545135672232,1.4421132223167845,177.86090946535364,181.75508286304313,154.39017693015444
1.8137346217408776,-0.8903818130493164,3.2488147373620184,-0.08796572000607206,1.5137434828608138,166.75524299068402,175.01716201680097,157.3580164049631
1.8304023845121264,-0.8893030881881714,3.0690108641522444,-0.08260609454812815,1.4670349377248875,174.19286810652818,185.47137433216358,161.3334654984983
1.8470411812886596,-0.9105778932571411,3.072215115182175,-0.015228803198738677,1.462823798920085,175.59525462950626,184.98810785035215,159.3281928492467
1.8638030011206865,-0.878887951374054,3.015147680927152,-0.0178951665692762,1.4676922563333612,181.22944930366532,191.41089913770998,161.26634370780346
1.8804344534873962,-0.8987479209899902,3.113036299151733,-0.016276586273811056,1.436066671109343,180.43017696924727,183.34917843474082,159.38621878889396
1.8969486523419619,-0.8707689046859741,3.164229043382215,-0.12132054892319241,1.5067295756086927,176.33093306291232,189.59994968763425,160.79991011071513
1.9134261831641197,-0.9030593633651733,3.105005861262349,0.019830807612536028,1.4362158001995442,172.1979622554727,177.58990341299582,157.25200617957734
1.9300994351506233,-0.9142794609069824,3.192481312155733,0.06231243946960263,1.442132800438518,172.29340165902516,175.08797303719774,154.17532970844127
1.9468423211947083,-0.8922931551933289,3.254216536157477,0.134771706478468,1.4296817317953332,171.34366843527368,169.8962723897148,150.59626181341275
1.963786375708878,-0.8555325865745544,2.9938996305438645,0.11776478475277144,1.371554027828493,181.5770796643163,185.56578902602593,157.08988323646918
1.9802774069830775,-0.9143185019493103,3.1850859606574797,-0.03653309381636118,1.4781961191027335,170.46070215909208,177.6543187691072,157.29098311283963
1.9969184044748545,-0.911650538444519,3.172421381823704,-0.016493021851870314,1.462642564945357,182.99353939283628,181.1629139256611,155.12919472173473
2.013508291915059,-0.9142623543739319,3.1781713399552984,0.025297210724091294,1.4719747641983307,170.03707955118142,176.06358818471156,153.13574237843747
2.030198103748262,-0.9244192838668823,3.2105902707423324,-0.008988048791737367,1.483745289774392,177.54900003019225,181.31409146369506,153.89786705404077
2.0469838213175535,-0.9085374474525452,3.2633824754823237,-0.023397476993874063,1.5075100345618155,180.22451891755202,183.1761854890447,152.2207974912725
2.063796411268413,-0.9329262375831604,3.1905751739325856,-0.009717984290676772,1.4917252234763545,171.78208300859092,177.00191488053179,156.59559301142576
2.0805192291736603,-0.9275224208831787,3.2126561177790514,-0.021163749003851273,1.5165312240561395,168.74266978020955,174.62533088927614,157.69830105206142
2.0975964376702905,-0.9027022123336792,3.30422669790687,0.020521303679754774,1.480648455058477,172.77668063746648,171.1068255699493,150.74671047972652
2.1142858900129795,-0.9228990077972412,3.1302180108633486,-0.006291276479115314,1.467279962954683,174.8906111314963,181.51778728025144,157.18282225686664
2.1310256803408265,-0.8949905037879944,3.1899526409452212,0.025186104123804745,1.4823754883696467,162.67741978702315,175.05031061283717,155.6302511189491
2.147628935985267,-0.9259376525878906,3.1768041966040834,-0.006073240357951549,1.4675757958014293,177.914509491383,179.6347630974551,155.25445882103833
2.1643700329586864,-0.9288204908370972,3.1837469683632227,-0.027060945479504477,1.471576966317706,178.25968960874513,181.34002799136786,158.32994227644664
2.1809466388076544,-0.9146539568901062,3.1665255482319514,-0.09386730254138485,1.511233652037248,177.99213015080807,184.39966145693836,158.6752258024447
2.197568033821881,-0.920056939125061,3.1677340955883624,-0.01413317216376226,1.486182844351204,182.3353056479798,184.08176328763932,156.02098662791462
2.214348064735532,-0.9227556586265564,3.1866973571326938,0.06977908002046894,1.4447950421880082,176.25160282198777,177.23045454337517,153.7519975467996
2.2310880851000547,-0.9108662009239197,3.191809896957727,0.018015700370923413,1.456049915819654,169.8805263828187,175.26458313125283,155.64990702762464
2.247705612331629,-0.9300927519798279,3.1737530459307033,-0.006095954030090842,1.4786496122183164,179.22161083168953,181.8774682485427,155.92821672784214
2.264423501677811,-0.9177172780036926,3.1685318650127314,-0.09118822983016105,1.5087225746596187,176.9542318787113,183.66489644390612,158.6443025024205
2.2810966009274125,-0.929031252861023,3.182155984102703,0.029537252557811443,1.4607769253059109,176.42726008616864,178.8390650185079,154.9750737857048
2.2979122158139944,-0.9334808588027954,3.242323869028528,-0.0031750303182678736,1.4840699746766859,178.82743988742686,178.4846562864487,154.47756163529954
2.3147884951904416,-0.926037073135376,3.298376798111118,-0.0016169072378441531,1.4924649805376875,180.7958542653921,176.96809078954738,153.12493132451596
2.3315139738842845,-0.9365659952163696,3.1725294752449438,0.0014594148188440108,1.4677128761577425,176.5951976078091,177.74520704392293,157.95574836521166
2.3480190075933933,-0.9336664080619812,3.1534990774962495,0.0066831466241347,1.4596966693494178,176.11829639661755,175.96076483403687,159.98468902079708
2.36468671169132,-0.9437777400016785,3.204890642263479,0.0010554914439900465,1.4839280635828094,175.78991751876043,178.79468339231886,157.49958644627185
2.3812798177823424,-0.9491369724273682,3.2189338650931765,0.004619857344960844,1.4921041974734992,174.72762153244912,178.37464353975076,158.6221502588886
2.3979336535558105,-0.9400392174720764,3.209676836080991,0.03260346417369808,1.4867693034517973,174.26738137596624,176.10095701453375,154.52150565167753
2.4145527416840196,-0.9488481283187866,3.2204414376676063,-0.02297266332498896,1.506233470512221,175.3798513284753,177.68921731940233,157.7251847644103
2.431288522668183,-0.9334759712219238,3.244407173085241,0.0070349734979472875,1.4975554030311171,171.304914081883,173.25473044632076,157.37103116779565
2.448212348856032,-0.9476520419120789,3.245529044800909,0.016241323021407905,1.4864231849579994,178.585385596079,176.88122233626132,156.96213426966864
2.4651036830618978,-0.9297456741333008,3.1920710028868102,0.0025571484072707176,1.4768822660455312,181.48937836085224,181.83723740045252,156.05039714725643
2.4819347094744444,-0.9418781995773315,3.2313231305356336,0.0059155172252781454,1.4923871187847206,173.8510301516253,175.4003571848537,157.04087266266083
2.498716739937663,-0.9477181434631348,3.1904873941125578,0.01579733473800122,1.4931400757693076,172.3080493100412,175.57921185979293,159.79830368887303
2.515639392659068,-0.9474745988845825,3.266267760852015,0.0159421962406084,1.5179729074921062,173.11124215706963,175.59666270760871,156.93430206684798
2.5325112715363503,-0.9562035799026489,3.2479840416063093,-0.020755609091942233,1.5093176815448208,175.05367864928036,177.07281463468954,161.17281025210556
2.5491676023229957,-0.9590726494789124,3.267137644368969,-0.04743514572476239,1.5205918705913328,175.4468272859374,177.55874344476746,164.4984625523196
2.565883547998965,-0.9624678492546082,3.238275918429446,-0.011851216460202471,1.5131014501474351,176.00196225172527,178.4928765510075,161.13930653767528
2.5825184397399426,-0.9677700996398926,3.2417523123763523,-0.02073458330294278,1.5234586158287922,177.07742830177529,180.03913623408437,163.18852347518248
2.5992248468101025,-0.953803300857544,3.1951594719545087,-0.034103488656716446,1.489344230885611,178.06381229451614,179.7773955370777,163.33061760293293
2.6158713484182954,-0.9565569162368774,3.199108330390148,-0.05118421933022407,1.5218676353955884,172.41581108831917,179.45822697536386,165.42561317786704
2.632639868184924,-0.9487650394439697,3.2570236265043633,-0.07306741573622583,1.5247265977930406,178.72906796711624,182.05324249035593,164.4652135883273
2.649282463826239,-0.9579501748085022,3.2403895684064117,-0.05085122811766907,1.5168299672871073,177.12381330284748,180.43473483271515,163.29848611346372
2.6659904439002275,-0.96330326795578,3.233718959862249,-0.04359027260412901,1.5151653686417565,176.23858660680622,180.8584095351841,168.3960996291412
2.682715051807463,-0.9615223407745361,3.2401548973597025,-0.0872528365904421,1.5369816987365637,177.3944714276181,181.0009053133134,170.75711725808043
2.699416480027139,-0.957577109336853,3.278927765633436,-0.06624593990000668,1.5556208212747693,173.83516704325177,180.00598990806512,168.5241497990852
2.716206661425531,-0.9549155831336975,3.301585385612226,-0.05418578274975992,1.5343484787245183,179.95628690109294,180.50774611401272,167.46199976455716
2.732816131785512,-0.9630488753318787,3.2247275941956675,-0.05193461018510803,1.524987846227821,174.30093004151263,179.72060676002607,165.93470982453957
2.749495554715395,-0.9543708562850952,3.2036992265563473,-0.03435361894167778,1.4903843011630218,178.692185278914,179.86485546529835,163.50031648515716
2.7660925397649407,-0.963517963886261,3.260120630864164,-0.05827285966042446,1.5393116912468323,175.04942160216734,179.97070629737343,167.2681914706032
2.7827833332121372,-0.9665538668632507,3.248814444602622,-0.05222220790493386,1.5366690631372588,174.7120751190915,179.28143436220114,170.04921528982507
2.7994026569649577,-0.9657845497131348,3.2159586353846166,-0.057233977691231036,1.538266224015009,176.14414374705296,182.73165605596006,170.69948976347104
2.816182194277644,-0.9643988013267517,3.234875961735521,-0.007410000525814295,1.5223045709625933,173.77972371185052,179.8664111016297,164.42162589284044
2.8329064520075917,-0.9677317142486572,3.253686054079508,-0.027886690378050458,1.5334039983829264,176.69952965473527,181.19531110211815,168.73967201581488
2.8495400538668036,-0.9710307121276855,3.2513503864853455,-0.030996500550336606,1.5493060192160473,174.91552077208473,180.1698088492715,166.39280634010447
2.8660747092217207,-0.969689130783081,3.260166099796894,-0.02469961452344041,1.5663763445031926,174.25398785472396,179.8255085063152,165.3911596955861
2.882711294107139,-0.972707986831665,3.2220253006904915,-0.007221793790678541,1.5284911392673766,176.06005216669604,181.12387960438153,167.2289194551429
2.8992608580738306,-0.9717881679534912,3.2029776356036557,0.01830373914419442,1.5230808632776487,176.5653674489604,181.70046625788558,167.20928344741276
2.9159316942095757,-0.9687604308128357,3.242986416137457,-0.05802191734691013,1.5475604489865438,178.0898595419614,181.6473309677092,171.01124955367317
2.9326609652489424,-0.9705936312675476,3.2709130027393094,-0.008460586733386427,1.5346968709246398,176.3740114383951,178.42064431729523,164.83730561310995
2.949309227988124,-0.9703302383422852,3.245423379566866,0.0011148505374988862,1.5356366343981835,178.36005883945782,181.58393599608547,163.75027686118423
2.96592899505049,-0.9755419492721558,3.237797545252432,-0.013553486684201407,1.5396459111576015,176.92611403205478,179.79960088749098,163.39668841698418
2.9825085811316967,-0.9751061201095581,3.2298532908388946,-0.006386884837276882,1.5427668675449393,177.03940622071457,179.1017457801774,160.72519661756883
2.9991027880460024,-0.975023090839386,3.2484130312476145,-0.018311894886395296,1.554987058821339,176.497777295108,180.87593063999356,169.0172252715505
3.015811671502888,-0.9666051268577576,3.248987799189896,0.032212113311077,1.5333607622751857,174.9546519726374,179.01060246379689,160.52982443235226
3.0324566522613168,-0.9736210703849792,3.244486761900567,-0.03546340968241335,1.5440105273087044,177.30605764963042,180.98814884173112,168.39089327334295
3.049100499600172,-0.9708559513092041,3.2462386298717196,-0.03911740797996943,1.5480758745003858,174.33311894519855,178.87540171730245,169.33766926222742
3.0656813085079193,-0.9741261601448059,3.2125242157434135,-0.03976091112461178,1.5534753058325115,175.6388688485291,182.19027919609516,169.75076172667417
3.0822467897087336,-0.9708999991416931,3.225960450568236,-0.009318590926242896,1.5418961127008077,178.11501130950248,182.84048095568545,165.38809556570564
3.0987446699291468,-0.9743269085884094,3.231029995394107,-0.01676829518967453,1.5434410531507021,177.1695382184265,181.84921114608971,166.37548898983607
3.1153725357726216,-0.9765925407409668,3.214075230257529,-0.012696763235655037,1.5387109792966973,178.28394863139687,182.10587458932255,168.32718603773907
3.131884782575071,-0.9729383587837219,3.195437652143621,-0.0035468945783142525,1.5334134593370226,179.96816256105296,183.07390745934805,169.2943758865564
3.14846018794924,-0.9758467674255371,3.24075029257473,-0.03829645981030526,1.5629324725884755,177.8807160583525,181.47913549585948,167.85716178356614
3.164987375959754,-0.9797720313072205,3.217043341589375,-0.010999193961201088,1.553720399640405,176.8262633783255,181.7785284765527,166.51727746877373
3.1814450807869434,-0.9811403751373291,3.203321631433779,0.0012329138994050387,1.558575335806255,176.58636624267308,182.17371829396347,165.5804695664891
3.1980657828971744,-0.977310299873352,3.2459383596433167,0.0069629158223362825,1.5459556311078453,178.80928464414148,180.57087782147818,163.7673116287142
3.2146568205207586,-0.9828242659568787,3.2324020347423597,-0.008119296441930698,1.5568280764420357,177.82519741614908,180.48583476327974,166.273191911845
3.2311531519517303,-0.9853649139404297,3.233088054416486,-0.0037947970680587834,1.5635215880877027,178.15302701501037,179.80414657187475,166.2220433728495
3.2477467320859432,-0.9818131327629089,3.2099106732784772,-0.00173666413909776,1.5481269138601865,179.04870824610168,181.1018539133363,162.69972833056357
3.2642229152843356,-0.9807685017585754,3.2112305352823407,-0.002556131492923764,1.5662950624247856,179.32790291383714,182.61226800778726,168.08794515632306
3.28077301569283,-0.982925534248352,3.1984378688625803,0.034100284405640585,1.544129364272682,178.85569650603435,181.31044423672805,163.70439958066004
3.2973211221396923,-0.9835542440414429,3.219900477381464,0.024099603711422238,1.5701569858897886,178.64304655786924,180.41856169240012,161.69344650746075
3.3137495247647166,-0.9899091720581055,3.179358053908392,0.010152153949792905,1.5709794523392882,178.06229784970049,181.9027864172184,165.56203254273447
3.3301220927387476,-0.9903061985969543,3.1460679010409294,0.011746773013521214,1.5834913629550096,177.68880445247999,182.56874071508855,166.45939299974464
3.3466410925611854,-0.9840042591094971,3.1923450001888973,0.024438836100534607,1.5563721211990895,176.99731342621908,179.84688713334313,160.69854829626618
3.36317556258291,-0.9893205761909485,3.1965950269558325,0.02838509810858233,1.5633574429485644,179.8758324918985,179.50982646029348,161.5787167960258
3.3797333808615804,-0.9892786741256714,3.1855674363369193,0.04139526356297849,1.578882707924092,177.68919857040208,180.0510150232397,164.0857875204387
3.3963073771446943,-0.9877771139144897,3.192750096577595,0.007989974737352794,1.5944647053954002,177.49337766525872,179.4226149620185,163.2082455836018
3.4127653632313013,-0.9945847392082214,3.162237361124088,0.012620779106881322,1.5765396569468313,177.32280464922036,179.98251526288593,165.72413168218145
3.429117244668305,-0.9919336438179016,3.1334058029953997,0.006881366804610864,1.5797309924753526,176.66268369489592,179.76449204812883,167.7394742695418
3.4456508634611964,-0.9890872836112976,3.1797569586283876,0.008342194386551184,1.597047033553444,179.07703485520432,180.59939919845718,168.3942243553478
3.4621580466628075,-0.9850800633430481,3.121236872471431,0.0406214913733479,1.6010727151534105,178.22932387981103,180.90722396878635,163.59478960626387
3.47858720459044,-0.9908095598220825,3.205125258930222,0.007309275042292887,1.5729093698541297,178.17210123121055,180.07991592110267,165.56522993120308
3.49508301820606,-0.9911321997642517,3.1656998844278643,0.028609819669583016,1.5629444859986235,179.1152144182132,181.50785589833728,167.39424884471202
3.5116741228848696,-0.9857773184776306,3.174007330976897,0.03501347511472857,1.548994641988973,177.54428374927062,180.63389056185864,161.87494490275404
3.528188276104629,-0.9929865002632141,3.178319551715515,0.01501001456859553,1.5850339356623262,178.6938470787209,180.60802203930754,166.76440449219936
3.5446408949792385,-0.9950165748596191,3.1657808917278976,-0.006834677059826391,1.569209376864403,179.2670028701791,181.3679437424321,167.07625406158337
3.56107853166759,-0.9906188249588013,3.155887619423387,-0.030949647371228836,1.564372711334559,180.0559050200676,182.0264081020283,168.5714873321557
3.577536353841424,-0.9838953018188477,3.144481922699673,-0.005564436661566471,1.5866852864785432,176.87742574144283,182.52850473275788,171.41583720784888
3.593930037692189,-0.9936653971672058,3.1835667508917926,0.019897714416045133,1.569189403831059,179.1262308042846,180.26449602840958,164.03799689898156
3.610467300750315,-0.9919520020484924,3.20750866523153,0.013790868901002618,1.5617840467641146,179.54359589812958,178.7015089157365,165.7280289705423
3.626919117756188,-0.996860921382904,3.149245776109341,0.020388898158467526,1.5686575988349896,179.51746400837203,180.73086470793368,166.67645838553028
3.643338422290981,-0.994683563709259,3.1213060346989003,0.026928709716554842,1.5665317133254195,180.19014539695274,181.05633910134918,167.23207261269386
3.6598521834239364,-0.9943702816963196,3.183186447838856,-0.0036519536391944364,1.5805268536359511,178.70843401808895,179.04392766723115,164.60817598562738
3.6763419592753053,-0.9925900101661682,3.133270261237633,0.005352722949320279,1.5879348951610721,178.0016652448257,181.9644142336635,165.90111153149212
3.6927137123420835,-0.9955736994743347,3.151829862236107,0.007462259437240864,1.5813971830618327,178.38714790815166,181.14868790418174,165.85784089125465
3.709157689474523,-0.9969292879104614,3.1536294782605125,0.0016176589046091386,1.56347275539603,178.74918100737798,180.23812306505053,164.56254814285356
3.72554793022573,-0.9930550456047058,3.1412844415330117,-0.005078518927384056,1.5526921652628816,178.77684797170656,180.053173577922,163.46161996818063
3.7419854095205665,-0.9963570237159729,3.138403188207142,-0.00936339277998579,1.5774117377489536,178.1911140161788,180.57285808816212,167.46380615069538
3.7584255086258054,-0.9921616911888123,3.1238557380495076,0.012282462228323326,1.565035915981729,178.4364708017377,182.30306992298418,167.84550378573886
3.774827695451677,-0.9969300627708435,3.1683537703915188,0.0003316503276850043,1.5766541192223955,178.64044321400115,179.85871323116942,165.41750793565524
3.791260610334575,-0.9970775842666626,3.1468436278534186,-0.008086646777484538,1.5690612667627037,180.26131302553318,181.32321498342392,166.62734017367603
3.8076808620244265,-0.9924646019935608,3.1391467612180843,-0.018440359719667468,1.5653220716706397,181.7305672136896,181.99356484369292,167.07894441942335
3.824188915081322,-0.997548520565033,3.1369876759581157,0.010951486150003794,1.5763421768112318,178.64855152302584,179.9228769175417,165.12557983163833
3.8405757658183575,-0.993209719657898,3.122591068073225,0.019844567754918885,1.5799085767846464,178.3393258494492,179.2003435050965,164.15024271666584
3.8570304112508893,-0.9988815188407898,3.1459913100239087,-0.0021823747761424853,1.5624693685302686,179.61554102334466,179.7335290935787,166.09990598209495
3.873460363596678,-0.9958467483520508,3.14307203391781,-0.00700469188283416,1.5530054612644868,180.22973758094116,179.0259496882772,166.2209385275151
3.8899347987025976,-0.9963735938072205,3.161947357991797,0.017036950109031935,1.5614740241035863,180.28638391770613,180.02958257807055,164.03930733312072
3.9063045801594853,-0.9981341361999512,3.1560613155456334,0.010436864386777505,1.565458452514928,179.7625664423243,180.16540145559344,164.89543203751435
3.9227478383108974,-0.9958938956260681,3.1533766165683614,-0.016032685419984722,1.569161780910863,179.04173473683034,179.68308820751884,164.2329796489472
3.939130648970604,-0.9984493851661682,3.150278486224096,0.011283502263854465,1.568783644353958,179.3985316904866,180.46892058282998,166.0655887013845
3.955598414875567,-0.998898983001709,3.147875917071718,0.005960501620288776,1.5761169206691321,180.02646796552725,180.25276235632853,166.84790341113424
3.971899845637381,-0.9962254762649536,3.1449991364773204,0.008131922978128595,1.5824390033056832,180.6651114446019,180.26008200196753,167.9905810452746
3.9883146034553647,-0.997774600982666,3.126325673834111,0.009122793961414168,1.5627564906583453,180.59721400941277,180.76352189859603,166.4697421101589
4.004656558856368,-0.996612012386322,3.1409964983657757,0.02327757131288328,1.5682477510832509,179.08831119250726,179.11245578473225,165.20737718429905
4.0208937004208565,-0.9988396167755127,3.145381845481508,-0.0002455922548925834,1.5688578878428405,179.96806256727672,180.770525183751,166.2723494263318
4.0372312078252435,-0.9959099292755127,3.1536505067688756,0.0005070789170961536,1.5584720780452597,181.1409097097649,180.79534327268414,167.09139405790125
4.053473089821637,-0.9991637468338013,3.1411533836608054,0.008340384341776884,1.5718746521197389,179.2716410697106,180.14099350632733,165.61703338820405
4.069849057123065,-0.9972147941589355,3.169255078835112,0.002074967899140018,1.5750971513519434,178.75038957681062,179.7471888275403,165.46299553872905
4.086305048316717,-0.9990497827529907,3.1370580250843614,0.00736083744584563,1.5658416558317447,180.13550790126223,180.5094386308321,166.21805546730144
4.102830777876079,-0.9990647435188293,3.133185006969831,-0.0002644448398672755,1.5725229239342997,179.70935096354506,180.45998832895577,167.47818008796935
4.119368254207075,-0.9995545744895935,3.133270009873282,-0.004960398418184816,1.57044415862205,180.1769921397356,180.15349178376113,166.77888721962745
4.1358787743374705,-0.9981053471565247,3.1247657716978754,-0.013082348759204457,1.571274415756096,180.5662223643601,179.9957773842267,167.13553647874892
4.152409829199314,-0.9991838335990906,3.1341293720797947,0.004997094046131488,1.5708986720595708,179.67710445376508,179.64620938284347,166.7409724257787
4.168957330286503,-0.9975799322128296,3.129565928222689,0.009327032841472713,1.5800969592152438,180.05014714117064,180.6540989027707,167.12710468457678
4.185378400608897,-0.9997013211250305,3.1418849645736038,0.0006949771282613146,1.5668762662015125,179.72419255280116,179.9636715458767,166.3567056577154
4.201824977062643,-0.9984857439994812,3.125684337008842,-0.0005710183856343686,1.5633691889205068,179.53846172807928,180.03850203653698,166.21537467106455
4.218177177011967,-0.999611496925354,3.142328022055999,0.0043276216188079895,1.5729299877319758,179.90446640616526,180.19919727638063,166.68977122611682
4.234604235738516,-0.9988276958465576,3.138258894653411,-0.002982426153537102,1.5760072310579707,179.35240796064537,179.67841197721629,167.00246120116913
4.250983498990536,-0.9996286034584045,3.1373582424766235,0.004775021545999947,1.5683830496383013,179.93973291610803,180.30168196742815,166.41415690076838
4.26743293274194,-0.9994617104530334,3.1435229912702045,0.006322678260798211,1.56794600485675,179.85535888255018,179.67509349191675,165.38766218476752
4.283954004757106,-0.9991552233695984,3.1363444837823637,-0.002954719614505506,1.567284727583648,180.4876413806645,179.83878830974163,167.17235181672066
4.300314297899604,-0.9996783137321472,3.1399511586911952,0.005516608352706286,1.570727170985716,179.57564114744906,180.06544220718092,166.0058629953332
4.316758688539267,-0.9992757439613342,3.1453090909005073,0.0005617421166648233,1.5682035406191979,180.0483568945047,180.47331670800472,165.8033763023309
4.333116501569748,-0.9997450709342957,3.1425141611953293,0.0016705800990314892,1.5688773234792912,179.9555437843198,180.26653987671438,166.03777533319285
4.349568914622068,-0.9991031289100647,3.1355791950184733,-0.0023145414852574746,1.5714666473628653,179.9034974329762,180.64158139386393,167.37339092615053
4.3659340450540185,-0.9998041987419128,3.141537042207272,0.00416337332428429,1.5688261654832787,179.86739352015667,179.91671546740355,165.88409437011327
4.382358853705227,-0.9989098310470581,3.1485878538600582,0.012009792441215255,1.568429162551309,179.478664635931,180.08425766323364,165.68390160811919
4.398594261147082,-0.999878466129303,3.137099470869976,-0.0007178507033347983,1.5699404096043645,180.00241026378444,180.13618325362927,166.50514081675038
4.414928357116878,-0.999313473701477,3.1377869912820016,0.0010399482968415207,1.5649468073988457,179.7838383220412,180.01754749636365,165.711474131841
4.431165152229369,-0.9998486042022705,3.1411927643624997,0.0035057032883163723,1.5709341926486933,179.87430938513424,180.15378483137638,166.44519695254786
4.447498521767557,-0.9998802542686462,3.1440349448233356,0.00016944228375503738,1.5703441264959839,179.72676396844042,179.86576375996557,165.997435141116
4.463745323009789,-0.9995884299278259,3.147373295996692,-0.002133347347367417,1.5713246649248251,179.62027949460662,179.6478046562343,165.78907426128978
4.480176884680986,-0.9997620582580566,3.14280329065281,-0.0023545332126017177,1.5678723236519918,180.14123001076325,180.03544403780774,166.40291976181203
4.496767116710544,-0.9998869895935059,3.1411755934634704,0.0014505945648889094,1.5720552475863556,180.13169109139844,180.16113886308898,166.0674818007954
4.513245563954115,-0.9995409846305847,3.1408209079084033,0.001828403283202707,1.574644738278777,180.33544036069708,180.25987252169512,165.9228698723354
4.529791709035635,-0.9998849630355835,3.1401002075977926,0.00040166308273787516,1.5711134983442647,179.95905562890596,179.82313686104277,166.39631428118545
4.5463270004838705,-0.9996091723442078,3.138910050455306,0.005345508492817614,1.573198889735655,179.71264460851017,179.9834636410278,166.0289680256908
4.562789584510028,-0.999935507774353,3.141829980603434,-0.000429522786246885,1.5692039651729077,180.0340836602,180.02244893861274,166.30943182778174
4.579373777844012,-0.9998394250869751,3.140273945032898,-0.0027033634142454533,1.5723709811342448,180.04204447913116,180.1374367018351,166.68957256994562
4.595743854530156,-0.9999510645866394,3.140589719326491,-0.0009866792296130173,1.5714847772215033,179.99838173938755,180.0822563932272,166.4882030199875
4.612163781188428,-0.9998492002487183,3.140417207865667,-0.0035431542175873316,1.5704464821597663,180.07648606557134,179.87652452514575,166.1428053433243
4.6285214349627495,-0.9999517202377319,3.140611096989875,-0.0017809398411114058,1.570568409781998,180.0259418954621,179.94583960170343,166.21840324563018
4.645029448904097,-0.9998788833618164,3.145681043398157,0.000326036728138303,1.57164959859664,179.956229064147,179.83067821891763,165.98728228874836
4.661381150595844,-0.9999599456787109,3.1435356502661116,6.506487027002769e-05,1.571222301348571,179.96777436405637,179.90705447759552,166.11674692074885
4.677801218815148,-0.9998478293418884,3.1385791379257233,-0.0005960487301132028,1.5715386066558827,180.3122121580297,180.11486128512465,166.5347585575937
4.694148033857346,-0.9999651908874512,3.1426709930989327,-2.1930469712022656e-05,1.5706427465359587,179.87312601583773,179.92803814125534,166.1317659952354
4.710571018047631,-0.9998579621315002,3.1433708036516466,-0.0009694673799126732,1.5706123175381663,180.0512772932081,180.19245527745164,166.04769665554088
4.726940861903131,-0.9999669790267944,3.140917856611256,5.8880467075238084e-05,1.5709882031427402,179.98211104498148,179.915466465145,166.3091598747743
4.743367006070912,-0.999803364276886,3.1422095055018953,-0.0024823035613349307,1.5693148868148707,179.82878181524333,179.7725624760908,166.45708849392395
4.759735077619553,-0.9999772310256958,3.1414340714730766,0.00046737003333294935,1.5713701573934844,180.05596377235966,180.06399476633942,166.16488347407756
4.77617203630507,-0.9998883605003357,3.1414231486518136,-0.00030322193700585843,1.572888233301844,179.9336826171616,179.92510100980923,166.16695568236952
4.792569626122713,-0.9999809265136719,3.141728272615529,-0.0003979475739366283,1.5701250322051417,180.0089833994404,179.99811195641186,166.27381279142867
4.808990949764848,-0.9999056458473206,3.143042927691768,0.0004501783915857367,1.5701541729144617,179.97291842465833,179.8372454095897,165.91672108064415
4.825335627421737,-0.9999874830245972,3.1412030214178106,-0.0006274648243133287,1.5711521261447428,179.99201591070525,180.02100364731783,166.34533253515167
4.841766671277583,-0.999954879283905,3.1432188581710316,0.001628930675350151,1.5712651124748815,179.9340496069982,179.99871688298487,166.2288306181753
4.858127668499947,-0.999981701374054,3.142566917875742,0.0007764630462347617,1.5710909368016606,179.95702267911417,179.9854975626645,166.22622377503905
4.8745466051623225,-0.9999750852584839,3.1399713940980036,2.005868929029546e-05,1.5705674327260049,179.98863324342318,180.06364970211575,166.36697922782005
4.890989639796317,-0.9999532103538513,3.139936184931539,0.00012105041560645183,1.5711218829352993,180.121784000837,180.08786989207613,166.43036456419503
4.907446659170091,-0.9999868869781494,3.1419872910570845,1.3814751617595965e-05,1.5707625306357937,179.93529051208753,179.96799607896054,166.20641563747532
4.92387412302196,-0.9999645352363586,3.142045799567826,2.521757366664373e-05,1.570701202159536,179.99719212739518,180.11795143945832,166.21872260555648
4.940284291282296,-0.9999875426292419,3.1411998423503986,5.04647437230895e-05,1.570916452896939,179.9858813155849,179.9660877087233,166.28655055746987
4.9566925670951605,-0.9999677538871765,3.1434017448318756,7.417470292918435e-05,1.5712383126332488,179.98975261967416,179.9372475380233,166.13409369572733
4.973037976771593,-0.9999910593032837,3.1408289817814716,3.358769270001768e-05,1.5707351527028157,179.9889130874859,180.03204916109263,166.30875784479687
4.989443958736956,-0.9999598264694214,3.141737370892935,-0.00051773075465778,1.5702239197355459,179.90007186244637,179.92625393871748,166.38414757304287
5.005779282189906,-0.9999939203262329,3.1415098963280412,0.00022109483633526699,1.5710835979789999,180.01699079488134,180.02955955943395,166.2196994988189
5.022203477099538,-0.999970018863678,3.1413703776546544,0.0005539343227024293,1.5717885668485083,179.94972136717934,180.0026192829857,166.25718049148855
5.038545465096831,-0.9999908804893494,3.1416387988753103,-0.0001599770997768639,1.5705409158659833,179.99416789137513,179.99923878805532,166.26965471644365
5.054975165054202,-0.9999775886535645,3.140222359394296,-0.0009326230128061693,1.5706393219400976,180.0140638249258,180.01981408519666,166.31924648834638
5.071339322254062,-0.9999916553497314,3.1419807782553804,0.000349191531474529,1.57097803308627,179.97128296556707,179.99407669329753,166.2494794533659
5.08786160312593,-0.999984860420227,3.1407998152790526,-5.818245823669248e-05,1.5710395622561233,180.0477934764457,180.046009107013,166.35340923120694
5.10428636148572,-0.9999909996986389,3.1416904221125765,-4.184550845976145e-06,1.5708317885408762,179.96341625317706,179.98749933597367,166.24316403590822
5.120718167163432,-0.9999847412109375,3.141746551816583,0.0007908572088500164,1.5705431875458853,179.98153485865188,179.9818334348743,166.18043616711606
5.137084359303117,-0.9999940395355225,3.1413389040175037,-0.00027288431602249245,1.5709998914950285,179.9893956476919,180.01121109420694,166.30410844314275
5.153516084887087,-0.9999916553497314,3.141796084773029,5.1446208984042076e-06,1.5708066736597188,179.9888408978079,180.05179050196335,166.24507077335556
5.1699510011821985,-0.9999901056289673,3.1414095568806903,0.0002706270379567803,1.5712707966219202,179.97877865749524,180.03615666060074,166.25377196668575
5.186310180462897,-0.9999960660934448,3.141581488376655,-5.232606534345286e-05,1.5707233860549676,179.99032058290516,180.0084682561917,166.26568402900418
5.202619048766792,-0.9999918937683105,3.1413216223981175,9.878731752673365e-05,1.5709437897850576,180.01849840560266,180.054885752755,166.28776931158652
5.218956672586501,-0.9999913573265076,3.142347276268103,8.274828225631182e-05,1.571109971317198,180.00286334399942,180.0179481248569,166.21517932496104
5.2352146385237575,-0.9999961853027344,3.141967702646445,7.045813486723828e-05,1.5710162666636025,179.99937577987106,180.02147338391583,166.23857395492
5.251543604768813,-0.9999921917915344,3.141437379234352,0.00013296252538087,1.5711083146949236,180.00644716103187,179.9881010779702,166.27670079025717
5.267862773500383,-0.9999921917915344,3.141071552744992,-0.0002831607205598078,1.5709803824712565,180.03572649176095,180.04382301486027,166.28136588921058
5.28417316172272,-0.999991774559021,3.141647352051212,-0.00016007251930752627,1.5710268233345355,179.99425374711143,179.97932637610455,166.2409415568646
5.300420929677784,-0.9999948740005493,3.1414030548113914,3.407235831816867e-05,1.570964548172427,180.01243724097986,180.03599590859238,166.27606237290604
5.316945814527571,-0.9999905824661255,3.1420079223931383,0.00032761987840500734,1.5709849525487263,179.96926257735947,179.98778007857675,166.24557714047245
5.333384700119495,-0.999994695186615,3.1413056451570287,-0.00013046557081860402,1.570981524990624,180.01911051316057,180.02981228078937,166.27241870202604
5.3499025497585535,-0.9999915957450867,3.1415981845446703,-0.00017631273293549512,1.5708147570902926,180.0027630254648,180.05740574973987,166.24881487668216
5.366353796795011,-0.9999964833259583,3.141477580561932,5.564371080177872e-05,1.5710349252937659,180.00552612714012,180.00542724591264,166.26972931186341
5.382874450646341,-0.9999945759773254,3.1415148955289443,-0.00031959541906772154,1.5708232495778054,179.98839783570156,180.00790316376902,166.32249277246854
5.399415073916316,-0.9999960660934448,3.141744551676629,0.00015881336560829489,1.570848075422702,180.01566037889418,180.0251489855167,166.24421193792
5.415867104195058,-0.9999919533729553,3.141645112214415,0.0003649940635455294,1.571032992621558,180.02574570528208,180.03420552320387,166.199733997078
5.432279418222606,-0.9999964833259583,3.1415474497003117,-0.0001484480484144088,1.5708756853387436,179.9977348030967,180.0144787536277,166.2918030786209
5.4487395929172635,-0.9999958872795105,3.1419349641007597,0.00016987005609781031,1.570839437324779,179.98790779113517,180.00718523046294,166.25626952638547
5.465149397030473,-0.9999935030937195,3.1420148575428533,5.0598026220918183e-05,1.570814710527093,179.98640458003428,179.99139804328343,166.24602823999862
5.481500007212162,-0.9999962449073792,3.141556005494257,3.820377529385605e-05,1.5709270887610935,180.00592907574347,180.02484644226513,166.26855383967919
5.497895994223654,-0.9999949932098389,3.141356628717983,-0.00012908843182670823,1.5709690385201798,180.01694112474837,180.02609579201362,166.26991585761706
5.51425576582551,-0.9999986290931702,3.1417903802550655,9.513043411668068e-05,1.570871837623629,179.99516612453846,180.0119128708506,166.25968110919337
5.530689041130245,-0.9999959468841553,3.1415623173349276,-0.00013925938516773086,1.570968321155899,179.9823571188708,180.00371999873784,166.28712983650706
5.547056870535016,-0.9999972581863403,3.141698993091204,8.429517791428845e-05,1.5708781368560012,180.00733456388832,180.019791738822,166.25494141256678
5.5635119043290615,-0.9999945759773254,3.141764548873083,0.00011742046020326399,1.5711445941239774,180.0133682418542,180.02417522227296,166.26207687327704
5.579902081750333,-0.9999978542327881,3.1416272535007623,-9.889433956773646e-06,1.5708286880722202,179.99608249764242,180.01239499771202,166.2647822400724
5.596336556598544,-0.9999932646751404,3.141264851554732,-3.214626294876445e-05,1.5707891873182152,180.00321528414548,180.00814396581418,166.29792304241198
5.612663527019322,-0.9999979138374329,3.141791989873517,4.4807035413237596e-05,1.5709594968272556,180.00033565593967,180.01814102939042,166.253411226793
5.628977530635893,-0.9999982118606567,3.141755210166674,2.3091833310782994e-06,1.5708891679094446,179.9947975150051,180.00253576984,166.26289562002412
5.645370690152049,-0.9999972581863403,3.1418330194494066,0.00023921341762117218,1.5709450655220283,180.00201269162136,180.0089224638815,166.2300105615501
5.661677561700344,-0.9999943375587463,3.1420213682169447,9.631156067811581e-05,1.5707558723097603,179.99305022240503,180.01913904425288,166.2388447448698
5.677931766957045,-0.9999978542327881,3.141613527475685,6.581067327086299e-05,1.5709651620477645,180.00240715095634,180.0088551954977,166.262008170115
5.694242917001247,-0.9999968409538269,3.1415927653382285,-0.00014505906092471407,1.5708524309234098,179.9966951443688,180.01562140348943,166.28922936470474
5.710534891113639,-0.9999983906745911,3.141772955921612,0.00014314529798470062,1.5709219068723737,180.0006833048082,180.0105971987835,166.24481526233876
5.727061868645251,-0.9999970197677612,3.1417514459732345,2.9475885472307075e-05,1.5709339495948949,179.98915618574176,180.00168728186947,166.26092313027874
5.74358447920531,-0.9999983906745911,3.1417121063117115,7.05903548037931e-05,1.5708920900407246,180.00278996935168,180.01526562458386,166.25643684199477
5.760110356844962,-0.9999973177909851,3.1418697712007626,4.9553617293375885e-05,1.5708225670674512,179.99421120480554,180.01476063488917,166.25199926335716
5.776566071435809,-0.9999983906745911,3.1416775884069543,6.174640927649121e-05,1.5709295133026862,180.00035816441863,180.01033155534554,166.25950594342555
5.793099172413349,-0.9999969601631165,3.1418728234777493,0.00014913233893210082,1.5709926494531512,180.00196108037812,180.01053301855262,166.24746642785078
5.809555788524449,-0.9999986886978149,3.141688645995009,2.9866009265444974e-05,1.570869678417453,179.99755214332635,180.01192950292216,166.26045328701701
5.825969791971147,-0.999998927116394,3.141673639145492,8.945552751282539e-05,1.5708319012281815,179.99678008454313,180.0027164780515,166.26118479453822
5.842311094515026,-0.9999926686286926,3.1416144637814796,0.00011177977356261928,1.5707681034286445,179.9950022988449,179.99500420238206,166.2650715784108
5.858791908249259,-0.9999970197677612,3.1416832285119405,0.00016100216098890034,1.5708831412522384,180.0029790819904,180.01838197367243,166.2511301261451
5.875185206532478,-0.9999986290931702,3.1417372147529905,4.198242774553381e-05,1.570887661245143,179.99684290675143,180.0064973207981,166.25995424655437
5.891670229844749,-0.9999986886978149,3.14178072572034,9.497694119983497e-05,1.570828845173149,179.99624668002116,180.00930810998443,166.2546692371199
5.908185917884111,-0.9999968409538269,3.141769080951792,9.426185780454704e-05,1.570845186812585,179.9916337786446,180.00238820254626,166.25714913692573
5.9245512671768665,-0.9999989867210388,3.141726349971732,7.65082305539816e-05,1.5708803642336897,180.0000009216749,180.01204626907446,166.2566149157275
5.9409860242158175,-0.999997615814209,3.1416926960252636,-5.054411866001749e-07,1.570801522434708,179.9935129821436,180.00753965177694,166.27270393437806
5.957344913855195,-0.9999988079071045,3.141752890947525,0.00010723261319187542,1.5708918107629573,179.99889072414206,180.00983281203185,166.2517874303486
5.973785847425461,-0.9999979138374329,3.1417336625920633,0.00012240749086801387,1.5708371512345436,179.99803598599723,180.01275136017355,166.25484267809387
5.990139025263488,-0.9999991059303284,3.141736326712759,6.208869352615382e-05,1.5708750337424933,179.99714117656288,180.00806083064197,166.25867635443925
6.0065682446584105,-0.9999994039535522,3.141662479242553,5.8245570966691375e-05,1.5708540402290123,180.00037111888503,180.00605179671817,166.2547808972035
6.022819662466645,-0.999998927116394,3.1415985287362966,3.980313939169671e-05,1.570845141531704,180.00297361605828,180.00312125965195,166.25233079120858
6.039131626486778,-0.9999986290931702,3.1416327182846833,4.615527380582257e-05,1.5709054310314472,180.00066537635695,180.00757111982892,166.25982998930476
6.055392895825207,-0.9999989867210388,3.141743723861426,8.277152435133187e-05,1.5708479916377236,179.9973513541051,180.00887386244557,166.2559594251661
6.071714342571795,-0.9999986290931702,3.14174315729882,0.00012890137743550817,1.5708573688605663,179.99929298331136,180.00393118006565,166.25254798545734
6.08796557970345,-0.9999991655349731,3.141702273820962,5.462485130796077e-05,1.5708666010282313,179.9979873533226,180.00992992220802,166.25847696162708
6.104341994039714,-0.9999989867210388,3.1416620399707824,3.399885288110616e-05,1.5708268332701532,179.99765327888915,180.00606024101472,166.2634436858853
6.1208637012168765,-0.999998927116394,3.141737425381246,3.329038034958313e-05,1.5708850534855863,180.00005498327008,180.01429116264947,166.25479928547804
6.137333215214312,-0.9999991655349731,3.1416895857044302,7.541424072201482e-05,1.5708451892925326,179.99759880922488,180.005610149201,166.25958841727316
6.153866215609014,-0.999998927116394,3.1417582064671707,0.00010255218426160524,1.570896240117741,179.99916363236932,180.01079736908167,166.25125530459354
6.170327233150601,-0.9999994039535522,3.1416860815948793,5.113718572623093e-05,1.5708441849820503,179.9980308672592,180.00724452303146,166.26039659056238
6.18689276650548,-0.9999991655349731,3.1416573084876784,4.323473324967922e-05,1.5708738128649462,179.9996920615381,180.00744063451276,166.26021862044485
6.2034189673140645,-0.9999989867210388,3.141651668549355,3.840686127892872e-05,1.570839256479399,179.99693954058935,180.00273301636327,166.26076436478925
6.219804943539202,-0.9999991655349731,3.141707679616138,6.698288823521837e-05,1.5708700872951171,179.99923557640352,180.00971795589666,166.25765227799295
6.236209336668253,-0.9999986886978149,3.141632142776121,5.445779654311135e-05,1.5708429381548035,180.00049741898158,180.00727082988067,166.25836156726209
6.252543509937823,-0.9999991059303284,3.1417102807285993,6.0180969280393195e-05,1.5708670098455708,179.99798023716755,180.00786333045164,166.25859765764494
6.2688883021473885,-0.9999994039535522,3.141674280418716,5.469137834646116e-05,1.5708491126055313,179.99920099307212,180.00664815987483,166.25758874388293
6.28523432277143,-0.9999994039535522,3.141682376531757,5.643521113732607e-05,1.5708603206286218,179.99917923610383,180.0079908594631,166.25662892941529
6.301593733951449,-0.9999994039535522,3.141676032473492,6.68299058443531e-05,1.5708496147607725,179.99898496405496,180.0058309729596,166.25718465723833
6.317936357110739,-0.9999994039535522,3.141659893865116,5.07401521081853e-05,1.5708639265469793,180.00003159021156,180.00674621561546,166.25749975882417
6.334291361272335,-0.9999992847442627,3.1416850794293456,6.261422960095487e-05,1.5708620637620647,179.99980334764427,180.0078848763074,166.2562165875982
6.350641003809869,-0.9999991655349731,3.1416994029776557,6.0167132246422596e-05,1.5708645369857528,179.99875614772395,180.00705631368007,166.25672862582138
6.367102132178843,-0.9999995827674866,3.1416473110093373,5.635168375490138e-05,1.5708484891919074,180.0004342689333,180.00666131329947,166.25657123223272
6.3834560895338655,-0.9999986290931702,3.1416212650251776,5.444395950914077e-05,1.5708404652949848,180.00127332953798,180.00646381310918,166.25649253543838
6.399880802258849,-0.9999994039535522,3.1416490450843098,5.181707111835125e-05,1.5708464375588769,179.9995973761093,180.0054248963362,166.25720148533412
6.416229262948036,-0.9999994039535522,3.141658053670569,5.451636073900215e-05,1.5708503441096737,179.99964886899306,180.00603989132898,166.25695526090013
6.432686689309776,-0.9999991655349731,3.1416760708430864,5.991493998030397e-05,1.5708581572112679,179.99975185476052,180.0072698813146,166.2564628120322
6.44902868848294,-0.9999994039535522,3.1416625579636985,5.586600554932761e-05,1.5708522973850723,179.9996746154349,180.0063473888254,166.25683214868315
6.465379096567631,-0.9999995827674866,3.141654895125945,5.7298627360796375e-05,1.57085126471046,180.00040269390917,180.00635655500884,166.2556760647181
6.481718989089131,-0.9999995827674866,3.1416607957140266,5.5521531050681266e-05,1.5708488008987194,179.9998176310027,180.00665473658717,166.25707998805782
6.498059497214854,-0.9999995827674866,3.141664843770547,5.639344744611373e-05,1.5708544049102646,179.99980675251857,180.00732608638128,166.256600080824
6.5144005278125405,-0.9999994039535522,3.1416616717414145,6.159079479962725e-05,1.57084905197634,179.99970961649413,180.00624614312954,166.25687794473552
6.530732966028154,-0.999999463558197,3.1416536024372266,5.354591793154334e-05,1.5708562078694435,180.00023292957243,180.00670376445748,166.25703549552844
6.547087331302464,-0.9999995827674866,3.141652682339953,5.543402224695177e-05,1.5708494166507907,180.00004156896318,180.00635060231423,166.25676324656644
6.563541951589286,-0.9999995827674866,3.1416497050575973,4.99242817973687e-05,1.5708538094341886,180.00053566513898,180.00710487621996,166.25636409124039
6.579957900568843,-0.9999997019767761,3.141656475235241,5.676194662072773e-05,1.5708458540626666,180.00011326391623,180.00678095881278,166.25598273901807
6.596314104273915,-0.9999997019767761,3.1416579116342485,5.836996096531993e-05,1.5708406771592784,180.00005343108813,180.00681955599043,166.25545636076288
6.612727606669068,-0.999999463558197,3.141662629340752,6.266280436268871e-05,1.5708456007074147,179.99966972794212,180.00627187458127,166.2565270258987
6.629090686328709,-0.9999995827674866,3.141652936128386,5.31089124386987e-05,1.5708517572524952,180.00031918083977,180.00689662581027,166.25640482490496
6.645506754517555,-0.9999997615814209,3.1416518931222894,5.6556815187814555e-05,1.5708471716272872,180.00027376642475,180.00672113605611,166.2562769856254
6.661843026988208,-0.9999995827674866,3.1416556851805932,5.703028699076205e-05,1.5708485593865633,180.0002579789127,180.0065687569108,166.25582940186808
6.678182114847004,-0.9999995827674866,3.141658635474634,5.6141738835704494e-05,1.570847327480693,179.9999654474595,180.00671784769997,166.25653136353793
6.6945285852998495,-0.9999997019767761,3.141660659502894,5.6577697033420726e-05,1.5708501294864656,179.99996000821739,180.00705352259703,166.25629140992103
6.710878262296319,-0.9999997615814209,3.1416545787875974,5.6097984433839745e-05,1.5708476353567287,180.0000774164397,180.0065657805635,166.25637299279225
6.727229975163937,-0.9999995827674866,3.141653090146419,5.334311420904822e-05,1.5708498317484276,180.0003244645276,180.00694291751637,166.25617341512924
6.743651369586587,-0.9999995827674866,3.1416595522879973,5.9712375491708216e-05,1.5708457273850407,179.99989149592912,180.00652641669706,166.25625488245834
6.76010946277529,-0.9999995827674866,3.1416547056818134,5.493542952971322e-05,1.570848805657581,180.000216222378,180.00683879231156,166.2561937819615
6.776457275263965,-0.9999997615814209,3.1416532359549434,5.632739981082715e-05,1.570847403492008,180.00017559143222,180.0066434583098,166.25632498920882
6.792809187434614,-0.9999997615814209,3.1416541841787655,5.665938090427114e-05,1.570846512844977,180.0001935151705,180.00675104743445,166.25612986232173
6.809142085723579,-0.9999995827674866,3.1416562763125917,5.656725611061764e-05,1.5708486505568764,180.00011688732107,180.00688732932656,166.2562841977732
6.8254888551309705,-0.9999995827674866,3.1416537891514413,5.67935510892883e-05,1.5708478655069253,180.00026587266873,180.00664494648345,166.25605319374674
6.841832764446735,-0.9999995827674866,3.1416552642984614,5.6349277011759524e-05,1.57084724955399,180.00011960694212,180.00671949187804,166.25640417458166
6.858170593157411,-0.9999997019767761,3.1416524916343542,5.494996469843139e-05,1.5708485016878573,180.0002991154762,180.00683202678624,166.25622520037732
6.8745729345828295,-0.9999997615814209,3.141652025819667,5.6268845588657204e-05,1.5708481190179868,180.00032197588905,180.0067738229209,166.25602730176942
6.890999326482415,-0.9999995827674866,3.141652913189429,5.564966967758472e-05,1.5708475875687387,180.00019441123587,180.00689132712796,166.25636965194522
6.907397514209151,-0.9999997019767761,3.1416535701609383,5.650758073636241e-05,1.5708477960223788,180.00024800731052,180.00670654164458,166.25613230829634
6.924177122302353,-0.9999995827674866,3.141649523977727,5.5856072864836976e-05,1.5708465176739554,180.00038710324665,180.00658868172417,166.25608801809318
6.9405197044834495,-0.9999997019767761,3.1416545882288753,5.6389460299172474e-05,1.5708481173361462,180.00018444130245,180.00681266742595,166.2562351528532
6.956935544498265,-0.9999997019767761,3.1416512120614435,5.603386867628214e-05,1.5708470508946857,180.00031954926527,180.00666334362478,166.25613706301317
6.973271192982793,-0.9999995827674866,3.1416537441870176,5.630056239344989e-05,1.570847850725781,180.00021821829316,180.00677533647564,166.25621063039318
6.989604818634689,-0.9999997615814209,3.1416525645386164,5.644210749932085e-05,1.5708472875596475,180.00022467892848,180.00668229718298,166.2563009874171
7.00594846624881,-0.9999997019767761,3.1416530386505275,5.6608098046042846e-05,1.570846842236132,180.00023364079763,180.00673609174527,166.25620342397355
7.022288144566119,-0.9999997615814209,3.141651959470978,5.6412830388235876e-05,1.570847645322637,180.0002978711569,180.00674747948852,166.25615214369742
7.038616435602307,-0.9999997615814209,3.141652192378322,5.575338994312297e-05,1.5708478366575722,180.00028644095048,180.00677658142118,166.25625109300137
7.054995002225041,-0.9999997019767761,3.1416527316416136,5.653219796208848e-05,1.570847483824833,180.00026088686764,180.00671383885035,166.25620464696087
7.071344873867929,-0.9999997615814209,3.1416532406755824,5.647313774349352e-05,1.5708476444817165,180.0002291038636,180.00676690174103,166.2562560692393
7.087777117267251,-0.9999997615814209,3.1416522313038255,5.621659497392173e-05,1.570847325470165,180.00025428050634,180.0067629903613,166.25627558735718
7.10419044829905,-0.9999997019767761,3.1416516551793445,5.6010193865926995e-05,1.5708481281368765,180.00028840647926,180.00674970367174,166.25630086480572
7.120577147230506,-0.9999997019767761,3.1416526927827317,5.645862200101388e-05,1.570847163711318,180.00024733221804,180.0067394947269,166.2562277841816
7.136927057057619,-0.9999997019767761,3.141652228830453,5.649946134356771e-05,1.5708472295934675,180.00024922267662,180.00670171661955,166.25628898652124
7.153279167599976,-0.9999997615814209,3.1416519262966336,5.6484822788025215e-05,1.570847408474962,180.00028581879081,180.00673430777232,166.2562145646614
7.169621718116105,-0.9999995827674866,3.1416520427503056,5.6155102565468766e-05,1.5708475041424297,180.0002801036876,180.00674885873866,166.25626403931338
7.1859571021050215,-0.9999997019767761,3.141652566898936,5.6514976465654036e-05,1.5708474080545018,180.00025143514418,180.0067440188986,166.25626652743233
7.202292017638683,-0.9999995827674866,3.1416520622130575,5.638670508086815e-05,1.5708472485487261,180.00026402346555,180.00674206320872,166.2562762864913
7.218641976825893,-0.9999997019767761,3.1416524658864082,5.65824566169287e-05,1.5708470069317095,180.00025370361118,180.0067286139007,166.25624020479947
