# 3.217562184628833,-0.7074255382141056,0.545936129292552,183.2077433100526,203.68594697669621,192.4021583887531
itr,loss,delt,detp,delg,delx,dely,delz
0,-0.45820388197898865,0.07596953103903992,-0.7074255382141056,-1.0248601975023446,3.207743310052585,23.685946976696222,26.1521583887531
1,-0.4675874412059784,-0.06220158736174497,0.7188706398010254,1.0290821949627738,-3.163726806640625,-23.289016723632812,-26.584945678710938
2,-0.4756213128566742,-0.04964026610320005,0.7236425876617432,1.0331505695965628,-3.190582275390625,-22.875778198242188,-27.017486572265625
3,-0.4817717671394348,-0.037350265187672704,0.7254930734634399,1.0358595410969595,-3.244110107421875,-22.570465087890625,-27.403411865234375
4,-0.4888444244861603,-0.02494248549406919,0.7337954640388489,1.0418937365200858,-3.276153564453125,-22.2708740234375,-27.785842895507812
5,-0.49540117383003235,-0.0170095841116229,0.7367265224456787,1.0492291609433035,-3.376708984375,-21.958343505859375,-28.239334106445312
6,-0.5013260841369629,-0.0076080242819109856,0.7450782060623169,1.0546507398274283,-3.504669189453125,-21.6876220703125,-28.684967041015625
7,-0.5171627998352051,0.0004290660196026863,0.7586545348167419,1.060200230279241,-3.69586181640625,-21.396926879882812,-29.175140380859375
8,-0.5373737215995789,0.003203543024607569,0.7693244218826294,1.065767423310552,-3.9860076904296875,-21.221435546875,-29.524200439453125
9,-0.5807502865791321,0.0071510394387921394,0.8521305322647095,1.0710783461716513,-4.7270050048828125,-20.90997314453125,-30.074508666992188
10,-0.5889307260513306,0.016029270487376124,0.8634703159332275,1.0821386436608176,-4.7301788330078125,-20.712448120117188,-30.405349731445312
11,-0.5960202217102051,0.026945503550120264,0.87014240026474,1.0948897461083273,-4.8599700927734375,-20.552749633789062,-30.693191528320312
12,-0.602290153503418,0.03541818459565249,0.8759766221046448,1.1050692359593253,-5.00103759765625,-20.363937377929688,-30.971771240234375
13,-0.6079708933830261,0.04644909699494448,0.8774088025093079,1.1178584853794913,-5.1873779296875,-20.212387084960938,-31.222503662109375
14,-0.6131415367126465,0.05355969269806948,0.8830843567848206,1.1290793577816824,-5.373382568359375,-20.042617797851562,-31.442214965820312
15,-0.617611289024353,0.05838266213471499,0.8901981115341187,1.1372650722649436,-5.5493316650390625,-19.84423828125,-31.6507568359375
16,-0.622134804725647,0.06196537812287417,0.9021899700164795,1.1453805724766593,-5.6678619384765625,-19.652755737304688,-31.799209594726562
17,-0.6284838318824768,0.0689891894632062,0.9136005640029907,1.157582894959722,-5.923370361328125,-19.489883422851562,-31.938323974609375
18,-0.6317712664604187,0.07118335564667788,0.9220832586288452,1.1646569232132773,-6.06573486328125,-19.32220458984375,-32.028961181640625
19,-0.6363368034362793,0.07882085640961733,0.9267017841339111,1.1747245947506766,-6.320220947265625,-19.126068115234375,-32.10578918457031
20,-0.6397395133972168,0.08529153664643374,0.9282649159431458,1.1858720938351492,-6.4776458740234375,-18.925125122070312,-32.16545104980469
21,-0.6426054239273071,0.09008899529511538,0.9298144578933716,1.194695965447698,-6.671234130859375,-18.745208740234375,-32.20458984375
22,-0.645841658115387,0.09486642678315249,0.929452121257782,1.2028745273735861,-6.9881134033203125,-18.5450439453125,-32.24705505371094
23,-0.6488990783691406,0.10045138199860659,0.9305753707885742,1.2118308107045035,-7.239898681640625,-18.336135864257812,-32.27745056152344
24,-0.6527000069618225,0.11005941231782046,0.9275282621383667,1.2254556576397757,-7.4402618408203125,-18.181259155273438,-32.28507995605469
25,-0.6555886268615723,0.11509505112702456,0.9246418476104736,1.2335463921215872,-7.66033935546875,-17.985748291015625,-32.2899169921875
26,-0.6579796671867371,0.11975875695283023,0.9272165298461914,1.240957067408834,-7.8637237548828125,-17.871200561523438,-32.28924560546875
27,-0.6605811715126038,0.12476125557953921,0.9255556464195251,1.249170140424047,-8.105743408203125,-17.724014282226562,-32.28662109375
28,-0.6632910370826721,0.1291407664590558,0.9261057376861572,1.2566735009339194,-8.349365234375,-17.530105590820312,-32.272796630859375
29,-0.6663544774055481,0.1334573348336896,0.9294086694717407,1.2649496654656271,-8.6695556640625,-17.4058837890625,-32.24378967285156
30,-0.6691079139709473,0.13754025300080386,0.9330175518989563,1.2723965207722525,-8.932144165039062,-17.277206420898438,-32.20866394042969
31,-0.6738730072975159,0.14954915841157046,0.9315444231033325,1.2861305932190756,-9.2777099609375,-17.092269897460938,-32.15386962890625
32,-0.6769551634788513,0.15652433236176577,0.9345604777336121,1.293047265210424,-9.592666625976562,-16.94403076171875,-32.08302307128906
33,-0.6803256869316101,0.16396275361115542,0.9350846409797668,1.3016282776978354,-9.93218994140625,-16.785202026367188,-32.00518798828125
34,-0.683319091796875,0.16987768014008608,0.9350630044937134,1.3083648542549948,-10.192840576171875,-16.667510986328125,-31.896499633789062
35,-0.6871527433395386,0.17481079896027651,0.9435562491416931,1.3143596212056021,-10.506210327148438,-16.512603759765625,-31.777587890625
36,-0.6912126541137695,0.18361631234223452,0.9458555579185486,1.3234652588751654,-10.84710693359375,-16.355255126953125,-31.654449462890625
37,-0.6941432356834412,0.18855205376679507,0.9486652612686157,1.3284216682103018,-11.141525268554688,-16.208572387695312,-31.513031005859375
38,-0.6975669860839844,0.19433441956574526,0.9552292823791504,1.3336069891836981,-11.473678588867188,-16.08392333984375,-31.369583129882812
39,-0.7009931206703186,0.2006405909829816,0.9616943001747131,1.3397388468172888,-11.7979736328125,-15.874588012695312,-31.212554931640625
40,-0.7037010192871094,0.20618286927277651,0.9667392373085022,1.345011950531278,-12.051345825195312,-15.732833862304688,-31.041259765625
41,-0.7069751620292664,0.21210542519623843,0.9714776277542114,1.3516861359265189,-12.322250366210938,-15.536651611328125,-30.864349365234375
42,-0.7089614272117615,0.21624770958954898,0.9741051197052002,1.3543514172222952,-12.567535400390625,-15.391876220703125,-30.682937622070312
43,-0.7104346752166748,0.21950546105439273,0.9748800992965698,1.3565619150784354,-12.744674682617188,-15.2349853515625,-30.5032958984375
44,-0.7118562459945679,0.22005978425080386,0.970870852470398,1.3551785657790045,-12.940216064453125,-15.119476318359375,-30.324081420898438
45,-0.7135233283042908,0.22370806534821597,0.9696306586265564,1.357121423878942,-13.15374755859375,-14.964874267578125,-30.148300170898438
46,-0.7145376801490784,0.22231164773041812,0.9711096286773682,1.3579160133984427,-13.21575927734375,-14.791351318359375,-29.977401733398438
47,-0.7166948914527893,0.22694173653657046,0.9688469171524048,1.365925178923879,-13.374496459960938,-14.57012939453125,-29.811309814453125
48,-0.7177826762199402,0.2279838641458234,0.9662289619445801,1.3655089298870902,-13.547576904296875,-14.454910278320312,-29.636138916015625
49,-0.7190697193145752,0.2257560809426984,0.9597430229187012,1.36219118634728,-13.746109008789062,-14.331130981445312,-29.46697998046875
50,-0.7207401990890503,0.2293583472543439,0.9568596482276917,1.3631476769831519,-13.94140625,-14.167251586914062,-29.293411254882812
51,-0.7225938439369202,0.23439160187775698,0.9546680450439453,1.366220043101583,-14.178558349609375,-14.010910034179688,-29.126693725585938
52,-0.724305272102356,0.23436776001984683,0.9483972191810608,1.3660584549095969,-14.39208984375,-13.853927612304688,-28.966217041015625
53,-0.7257236838340759,0.23786440690095034,0.9467788934707642,1.3688699911024909,-14.545486450195312,-13.684173583984375,-28.798599243164062
54,-0.7286286950111389,0.24462810357148257,0.9418846964836121,1.3755716840412955,-14.80792236328125,-13.50811767578125,-28.646728515625
55,-0.7305657267570496,0.24488321145112124,0.9348831176757812,1.3778630206969122,-14.979171752929688,-13.327194213867188,-28.482879638671875
56,-0.7324612736701965,0.24706593354279605,0.9287911057472229,1.3807183812048773,-15.185745239257812,-13.153457641601562,-28.316940307617188
57,-0.7342780232429504,0.25344529946381655,0.9254960417747498,1.3857952217247824,-15.41455078125,-13.000701904296875,-28.156173706054688
58,-0.7360643148422241,0.25549212296540347,0.9216932058334351,1.387460202970777,-15.665451049804688,-12.802383422851562,-27.996826171875
59,-0.7379563450813293,0.26441493828827944,0.9214840531349182,1.3971821973708014,-15.749374389648438,-12.559402465820312,-27.841018676757812
60,-0.7396219968795776,0.26540628274018374,0.914480447769165,1.3984005014088492,-15.893218994140625,-12.412689208984375,-27.684860229492188
61,-0.7407937049865723,0.2670797427468976,0.912107527256012,1.39843046764401,-16.064041137695312,-12.26544189453125,-27.53759765625
62,-0.7423387765884399,0.26917568047577944,0.9057554602622986,1.3998010466482977,-16.201095581054688,-12.109771728515625,-27.383956909179688
63,-0.7429388165473938,0.26848927338654605,0.908064603805542,1.3964148769762854,-16.332443237304688,-11.983917236328125,-27.240447998046875
64,-0.7444863319396973,0.27407255967194644,0.9052123427391052,1.3984548608448844,-16.4788818359375,-11.747573852539062,-27.103668212890625
65,-0.7467241287231445,0.2780021746926984,0.8974683284759521,1.402441949644361,-16.630645751953125,-11.527694702148438,-26.971145629882812
66,-0.7484664916992188,0.2816361506753644,0.8928812742233276,1.4078693697836737,-16.755935668945312,-11.27203369140625,-26.8304443359375
67,-0.7497227191925049,0.284546049433299,0.8892573714256287,1.4078044752266745,-16.949813842773438,-11.106719970703125,-26.703765869140625
68,-0.7508937120437622,0.2910992224984845,0.8907345533370972,1.4116934845831732,-17.230697631835938,-10.95947265625,-26.58905029296875
69,-0.7520625591278076,0.2928651889138898,0.8860707879066467,1.4118716726687293,-17.287368774414062,-10.749465942382812,-26.469009399414062
70,-0.7530808448791504,0.2938732226663312,0.8838697075843811,1.4132796386864523,-17.4273681640625,-10.58447265625,-26.362686157226562
71,-0.7543724179267883,0.2949375232034406,0.8806624412536621,1.4166109273817877,-17.48687744140625,-10.36761474609375,-26.25860595703125
72,-0.7554729580879211,0.2964653094583234,0.8802692890167236,1.4198879609492163,-17.616058349609375,-10.140411376953125,-26.153366088867188
73,-0.7562084794044495,0.2976376136117658,0.8791769742965698,1.419827134409223,-17.768035888671875,-9.972091674804688,-26.055953979492188
74,-0.756698489189148,0.2987829764657697,0.8778354525566101,1.4195248643544058,-17.840591430664062,-9.806488037109375,-25.971939086914062
75,-0.7570764422416687,0.2988814433389386,0.8769882321357727,1.4180898378279547,-17.887847900390625,-9.6885986328125,-25.89813232421875
76,-0.7575724124908447,0.3022457679086408,0.8751811981201172,1.4189335266735892,-17.954818725585938,-9.544784545898438,-25.828140258789062
77,-0.7577768564224243,0.2996722777658185,0.8690509796142578,1.4141469309714179,-18.018798828125,-9.415679931640625,-25.764739990234375
78,-0.7586694359779358,0.3027860244088849,0.8734022378921509,1.4165158281710486,-18.192367553710938,-9.234283447265625,-25.713607788085938
79,-0.7591040730476379,0.30286780198151675,0.8711965084075928,1.4122297624733786,-18.258880615234375,-9.134613037109375,-25.655624389648438
80,-0.7594149708747864,0.30381551583344546,0.8725261688232422,1.4113118211415152,-18.354766845703125,-9.032211303710938,-25.60394287109375
81,-0.7597441673278809,0.30501714547211733,0.869621217250824,1.4124042550709586,-18.362884521484375,-8.911026000976562,-25.552734375
82,-0.7601913213729858,0.30477515061432925,0.8671715259552002,1.410037369528089,-18.445266723632812,-8.766021728515625,-25.508743286132812
83,-0.7607490420341492,0.31007209618622866,0.8684501051902771,1.4128752360728125,-18.56011962890625,-8.592758178710938,-25.471145629882812
84,-0.7611174583435059,0.3089639266305646,0.8643534779548645,1.410801918306623,-18.619583129882812,-8.441024780273438,-25.431549072265625
85,-0.7615218162536621,0.3104416449838361,0.8635481595993042,1.4070914248612265,-18.716552734375,-8.350448608398438,-25.4072265625
86,-0.7618552446365356,0.3120178302102765,0.863290548324585,1.4079595516112189,-18.80621337890625,-8.253280639648438,-25.396148681640625
87,-0.7619949579238892,0.31249776681000796,0.8640949130058289,1.4053060869362692,-18.848541259765625,-8.166793823242188,-25.38323974609375
88,-0.7621961236000061,0.3157266696267804,0.8653849363327026,1.4061438302185874,-18.930740356445312,-8.0682373046875,-25.367294311523438
89,-0.7625213861465454,0.3156296332650861,0.861466109752655,1.4048626581814627,-18.9420166015625,-7.9624176025390625,-25.344436645507812
90,-0.7627220749855042,0.31741205056244937,0.8615660071372986,1.4040502617743353,-18.986312866210938,-7.87255859375,-25.32659912109375
91,-0.7628685832023621,0.31705680687958804,0.8578615188598633,1.4014937440541129,-18.967987060546875,-7.7654876708984375,-25.30999755859375
92,-0.7631166577339172,0.3160864432626447,0.858649492263794,1.3999504605915885,-19.0546875,-7.653961181640625,-25.317474365234375
93,-0.7634587287902832,0.3188022692971906,0.8597627878189087,1.4004959623005728,-19.141098022460938,-7.5152435302734375,-25.320755004882812
94,-0.7637343406677246,0.3202270587259015,0.8588822484016418,1.3983061323550086,-19.174636840820312,-7.40704345703125,-25.320266723632812
95,-0.7640025615692139,0.31992569764191714,0.8561839461326599,1.3978089402106146,-19.20654296875,-7.2840576171875,-25.319778442382812
96,-0.7643089890480042,0.32137766678864566,0.8553680777549744,1.3959656814720969,-19.254074096679688,-7.1625213623046875,-25.322402954101562
97,-0.7646418809890747,0.3246685584359845,0.8543720245361328,1.397337676086698,-19.325592041015625,-7.0554046630859375,-25.319442749023438
98,-0.7649860978126526,0.32799807389313784,0.8538597226142883,1.398551614084516,-19.379669189453125,-6.9341278076171875,-25.323760986328125
99,-0.7654467821121216,0.33094516594941226,0.8519838452339172,1.3997007320311408,-19.377182006835938,-6.803863525390625,-25.316482543945312
100,-0.7663139700889587,0.3342055400186261,0.8516116738319397,1.4031565944340567,-19.4366455078125,-6.619842529296875,-25.309829711914062
101,-0.7669609189033508,0.3368536551767072,0.8485572338104248,1.406023354330335,-19.404205322265625,-6.4521636962890625,-25.298416137695312
102,-0.7673434615135193,0.3399690707498273,0.8475195169448853,1.4073058674719672,-19.424606323242188,-6.2959747314453125,-25.284255981445312
103,-0.7676553130149841,0.3412658294015607,0.8455327749252319,1.407075018682752,-19.4024658203125,-6.156494140625,-25.281661987304688
104,-0.767825186252594,0.3431405146890363,0.8440349698066711,1.4072452644493918,-19.4466552734375,-6.0409393310546875,-25.286773681640625
105,-0.7679851651191711,0.34412661393220034,0.8431638479232788,1.4076107452299933,-19.433502197265625,-5.9275970458984375,-25.280517578125
106,-0.768032968044281,0.3425516207986554,0.841240406036377,1.4040949503567557,-19.461837768554688,-5.85919189453125,-25.273391723632812
107,-0.7678390145301819,0.3450316508584699,0.8497127294540405,1.4056063602354865,-19.51727294921875,-5.7505950927734375,-25.278564453125
108,-0.767985999584198,0.34176030953461733,0.8388781547546387,1.4036863754179816,-19.392959594726562,-5.6632537841796875,-25.275436401367188
109,-0.7683572173118591,0.3461641391092023,0.8452494144439697,1.4043556014683585,-19.506622314453125,-5.58245849609375,-25.289871215820312
110,-0.7685016989707947,0.3465122302346906,0.8431241512298584,1.4040666977551322,-19.484344482421875,-5.53363037109375,-25.286224365234375
111,-0.7683656215667725,0.3436044772439679,0.8389167189598083,1.4003021726992468,-19.45440673828125,-5.451171875,-25.286056518554688
112,-0.7685757875442505,0.34800592263276187,0.8460873961448669,1.4042655239489417,-19.554214477539062,-5.333160400390625,-25.296951293945312
113,-0.7687797546386719,0.3482889254861554,0.8456111550331116,1.4045781950142722,-19.520278930664062,-5.2335968017578125,-25.286178588867188
114,-0.7690016627311707,0.34637251694733706,0.8403992056846619,1.404246107735906,-19.454193115234375,-5.12127685546875,-25.276458740234375
115,-0.76917564868927,0.3468033393197736,0.8408479690551758,1.40335109929112,-19.476806640625,-5.01861572265625,-25.287918090820312
116,-0.7693018317222595,0.3468193133645734,0.8420843482017517,1.4021408865836005,-19.490753173828125,-4.9252777099609375,-25.3040771484375
117,-0.7696791887283325,0.34963336785370913,0.8410825729370117,1.4063836942103247,-19.508255004882812,-4.832122802734375,-25.305023193359375
118,-0.7701281905174255,0.3505479415231427,0.8400779962539673,1.4088328341629843,-19.525955200195312,-4.689056396484375,-25.292770385742188
119,-0.7704238295555115,0.35343709786469546,0.8423765897750854,1.412774802246366,-19.564804077148438,-4.521026611328125,-25.2835693359375
120,-0.7707785367965698,0.353412540751048,0.8378532528877258,1.411274985471044,-19.4691162109375,-4.4309539794921875,-25.273605346679688
121,-0.7709395289421082,0.3542851527505597,0.8422273397445679,1.409755558767591,-19.458221435546875,-4.286285400390625,-25.274261474609375
122,-0.7711793184280396,0.3533050139718732,0.8399344086647034,1.4072126756098609,-19.446624755859375,-4.16815185546875,-25.263259887695312
123,-0.7713274359703064,0.35616651375825015,0.8411976099014282,1.4084885577347617,-19.447113037109375,-4.039794921875,-25.263534545898438
124,-0.7713678479194641,0.3547121604257306,0.8397233486175537,1.4034872064974646,-19.398223876953125,-3.9897308349609375,-25.253082275390625
125,-0.7714534997940063,0.3574234565072736,0.842258870601654,1.407628939547811,-19.404266357421875,-3.8735198974609375,-25.253021240234375
126,-0.7718510627746582,0.3574146350198468,0.8379151821136475,1.4063245813038687,-19.355789184570312,-3.7844696044921875,-25.248825073242188
127,-0.7708717584609985,0.35401216347748843,0.8356351852416992,1.3976078639414649,-19.351043701171875,-3.790740966796875,-25.244338989257812
128,-0.7718561291694641,0.35813608964020816,0.8414664268493652,1.4029745320465903,-19.427413940429688,-3.6339874267578125,-25.279708862304688
129,-0.7719578146934509,0.3561722358041486,0.8370065689086914,1.4024139801648001,-19.368087768554688,-3.5744476318359375,-25.273361206054688
130,-0.7721530795097351,0.3568014224343976,0.8381643891334534,1.4048346887019019,-19.401397705078125,-3.4628753662109375,-25.288711547851562
131,-0.7722673416137695,0.3590711673074445,0.8361417651176453,1.4054385582592825,-19.457916259765625,-3.405975341796875,-25.28692626953125
132,-0.7723469138145447,0.3583983500772199,0.8356198668479919,1.4046862433340888,-19.472335815429688,-3.3190155029296875,-25.291854858398438
133,-0.7722659707069397,0.36056438286835757,0.8396695852279663,1.4033080647375922,-19.505508422851562,-3.2559356689453125,-25.301910400390625
134,-0.7725303769111633,0.3620347102456769,0.8365076184272766,1.4023487726834158,-19.49591064453125,-3.19219970703125,-25.303314208984375
135,-0.7727007865905762,0.36211720307404605,0.8366063833236694,1.401460156836782,-19.49560546875,-3.0841522216796875,-25.317657470703125
136,-0.7728872895240784,0.3638979514413556,0.8350980877876282,1.4018954346564154,-19.475433349609375,-2.953765869140625,-25.334945678710938
137,-0.7730041742324829,0.36034575303132144,0.8328995108604431,1.3971856544401984,-19.461181640625,-2.8690338134765625,-25.347396850585938
138,-0.7730619311332703,0.36062374909455386,0.8390284776687622,1.3969081650164465,-19.556716918945312,-2.7591400146484375,-25.373550415039062
139,-0.7724600434303284,0.35770574410492983,0.8289243578910828,1.3944242457535605,-19.432723999023438,-2.670135498046875,-25.37432861328125
140,-0.7728930711746216,0.358506592112132,0.8418146967887878,1.3965251753714423,-19.535903930664062,-2.5436248779296875,-25.431594848632812
141,-0.7731344103813171,0.35481086571747866,0.8366799354553223,1.3912585685637335,-19.454254150390625,-2.499786376953125,-25.417877197265625
142,-0.773317813873291,0.35699287255341616,0.8399490118026733,1.3938293168928961,-19.515121459960938,-2.40179443359375,-25.42645263671875
143,-0.7734577655792236,0.3560039122873029,0.8364177346229553,1.3922955254700522,-19.460830688476562,-2.317596435546875,-25.426437377929688
144,-0.7735753655433655,0.3562077601724347,0.8375140428543091,1.392871812978063,-19.4998779296875,-2.253936767578125,-25.432876586914062
145,-0.7736437320709229,0.3576816638284406,0.837006688117981,1.3934409032252173,-19.476181030273438,-2.1671142578125,-25.436538696289062
146,-0.7732784152030945,0.35382953484589663,0.8319097757339478,1.390883625545774,-19.53515625,-2.13348388671875,-25.43353271484375
147,-0.773770272731781,0.3549875338845929,0.8344852328300476,1.3924562046912055,-19.609085083007812,-2.0242919921875,-25.482421875
148,-0.773913562297821,0.35852924187714663,0.8332824110984802,1.3944678465512137,-19.638442993164062,-1.9345855712890625,-25.499679565429688
149,-0.7739841341972351,0.3584209998422345,0.8321650624275208,1.3919429639962058,-19.644882202148438,-1.9161834716796875,-25.519073486328125
150,-0.774114727973938,0.359985502558299,0.8328065872192383,1.3907445977118353,-19.666839599609375,-1.8323822021484375,-25.5408935546875
151,-0.7741159200668335,0.3595892508798322,0.8343716859817505,1.3889745036747794,-19.702880859375,-1.7778472900390625,-25.56976318359375
152,-0.7740760445594788,0.3629776557260236,0.8341841697692871,1.391103164353643,-19.744522094726562,-1.743621826171875,-25.58013916015625
153,-0.7742055654525757,0.36107960541779605,0.8332998752593994,1.3889184157040457,-19.714645385742188,-1.7290191650390625,-25.589279174804688
154,-0.7736404538154602,0.35790768464142886,0.8302663564682007,1.3852328668024878,-19.694839477539062,-1.819580078125,-25.6129150390625
155,-0.773482084274292,0.36328044732148257,0.8386977910995483,1.392505974569593,-19.758712768554688,-1.704315185546875,-25.6473388671875
156,-0.7742097973823547,0.36325898964936343,0.8322713971138,1.3914214680579047,-19.666366577148438,-1.6318206787109375,-25.636032104492188
157,-0.7742136716842651,0.3639561255746564,0.8343040347099304,1.3885155926134924,-19.671524047851562,-1.6098480224609375,-25.644912719726562
158,-0.774275004863739,0.3643266280465802,0.8306053876876831,1.3890137831356864,-19.665802001953125,-1.5648956298828125,-25.658050537109375
159,-0.7743116617202759,0.3644174655252179,0.8324084281921387,1.3881708989527564,-19.63092041015625,-1.5422210693359375,-25.671463012695312
160,-0.774212658405304,0.36062017281586733,0.8329378366470337,1.384913788237844,-19.651458740234375,-1.4931182861328125,-25.678253173828125
161,-0.7743837833404541,0.360642822580882,0.8330450057983398,1.3874910632756094,-19.667770385742188,-1.4291229248046875,-25.692886352539062
162,-0.7741459012031555,0.36030331452424136,0.8280028700828552,1.3878781060364584,-19.69049072265625,-1.3798828125,-25.693984985351562
163,-0.7741713523864746,0.36358133156830874,0.8352264165878296,1.3909485648062567,-19.732620239257812,-1.328338623046875,-25.712814331054688
164,-0.7743944525718689,0.36423865159089175,0.8320663571357727,1.3931228975441794,-19.691253662109375,-1.2967987060546875,-25.707656860351562
165,-0.772085428237915,0.3599413951211652,0.8227744102478027,1.3787637511875968,-19.678451538085938,-1.48468017578125,-25.708740234375
166,-0.774023711681366,0.36198130448395816,0.8354400992393494,1.380140827098165,-19.741104125976562,-1.3834686279296875,-25.82049560546875
167,-0.7743129730224609,0.362281473475047,0.8335429430007935,1.3824673304941992,-19.719512939453125,-1.307861328125,-25.805755615234375
168,-0.7743234038352966,0.3651162703805646,0.834423840045929,1.3875184516098837,-19.715576171875,-1.2401275634765625,-25.809188842773438
169,-0.7744643092155457,0.364567907648631,0.83030104637146,1.3873749385264258,-19.645034790039062,-1.1923828125,-25.803192138671875
170,-0.7745383977890015,0.3628582080178937,0.8308485746383667,1.3855719129231314,-19.64031982421875,-1.17425537109375,-25.816986083984375
171,-0.7745378613471985,0.3619276603036603,0.8321515321731567,1.3852064619448523,-19.64752197265625,-1.1414794921875,-25.81866455078125
172,-0.7745785713195801,0.3617865165048322,0.8314231038093567,1.386187688508306,-19.660858154296875,-1.1074981689453125,-25.8255615234375
173,-0.7745721340179443,0.36242929299409,0.8308203220367432,1.3856337974455695,-19.67364501953125,-1.0942840576171875,-25.826156616210938
174,-0.7745860815048218,0.3624304850869855,0.8319061398506165,1.385799334445272,-19.67205810546875,-1.07208251953125,-25.829788208007812
175,-0.7745569944381714,0.3633786757760724,0.8300283551216125,1.3857023427870612,-19.672027587890625,-1.07000732421875,-25.824554443359375
176,-0.7745152115821838,0.36465206940705386,0.8332575559616089,1.386522845425878,-19.685821533203125,-1.0544586181640625,-25.833282470703125
177,-0.7740942239761353,0.35883751709992495,0.8293717503547668,1.3797479132798056,-19.608489990234375,-1.06866455078125,-25.817672729492188
178,-0.774442732334137,0.3688983043008527,0.8263655304908752,1.390787155428205,-19.70611572265625,-0.955291748046875,-25.8533935546875
179,-0.7744743824005127,0.36918345292145816,0.826405942440033,1.3903861055758338,-19.728256225585938,-0.9293365478515625,-25.87554931640625
180,-0.774924099445343,0.3732334693246564,0.8270658850669861,1.3943681130793433,-19.759918212890625,-0.8300323486328125,-25.900497436523438
181,-0.7753163576126099,0.3748959620767316,0.8276032209396362,1.398037583627973,-19.722396850585938,-0.703948974609375,-25.876846313476562
182,-0.7754030823707581,0.37641778786713687,0.8248642086982727,1.398918599882398,-19.700653076171875,-0.6251068115234375,-25.847915649414062
183,-0.7755182981491089,0.3765327056222638,0.8260263204574585,1.399011836447988,-19.68658447265625,-0.5410003662109375,-25.831863403320312
184,-0.7755643129348755,0.3750332911782941,0.824770450592041,1.3982473174717764,-19.642410278320312,-0.469879150390625,-25.828689575195312
185,-0.7757083177566528,0.3746489604287824,0.8270754218101501,1.3990921090033392,-19.630691528320312,-0.3748626708984375,-25.815322875976562
186,-0.7757049202919006,0.3739234526925763,0.8277688026428223,1.3971006284144263,-19.622116088867188,-0.321014404296875,-25.785186767578125
187,-0.7757682204246521,0.3749403079324445,0.8281102776527405,1.3987901518729071,-19.612045288085938,-0.2770843505859375,-25.766555786132812
188,-0.775679886341095,0.3779968341165265,0.8256939053535461,1.4013720015671591,-19.637176513671875,-0.2505950927734375,-25.74456787109375
189,-0.7757359147071838,0.3775676806741437,0.8259408473968506,1.4005510667946677,-19.616073608398438,-0.2298736572265625,-25.75
190,-0.7758119106292725,0.37558880646760073,0.8272523880004883,1.3980246494200568,-19.622726440429688,-0.2131500244140625,-25.756729125976562
191,-0.7758432626724243,0.3743907531076154,0.8275192379951477,1.3986467728999,-19.5982666015625,-0.195953369140625,-25.735855102539062
192,-0.7757922410964966,0.3717679103189191,0.8263428807258606,1.3970088521626334,-19.589675903320312,-0.136077880859375,-25.71685791015625
193,-0.7758209705352783,0.3720461448007306,0.8283668160438538,1.3969727317478995,-19.646530151367188,-0.1024169921875,-25.72381591796875
194,-0.7758256793022156,0.3718926032357892,0.8260428309440613,1.3968194435026984,-19.65008544921875,-0.0557403564453125,-25.715927124023438
195,-0.7754859924316406,0.37771502335602847,0.8304901123046875,1.400397510328565,-19.625839233398438,-0.0092620849609375,-25.716796875
196,-0.7758257389068604,0.37679496605927554,0.8285862803459167,1.397788749137197,-19.531265258789062,0.0169525146484375,-25.6982421875
197,-0.7759101390838623,0.37632695038849917,0.8271000981330872,1.3966250578549246,-19.520339965820312,0.00213623046875,-25.695724487304688
198,-0.7759237289428711,0.3769382556253156,0.8259205222129822,1.3972641239550452,-19.525924682617188,0.03985595703125,-25.70098876953125
199,-0.7759652733802795,0.37763706048066226,0.8263232707977295,1.3970732102778296,-19.501235961914062,0.1013031005859375,-25.720489501953125
200,-0.7760217785835266,0.3772591670327863,0.8258758783340454,1.395253256955419,-19.510604858398438,0.1326141357421875,-25.73126220703125
201,-0.7759904265403748,0.3806032260232648,0.8261740207672119,1.3961687693980078,-19.488555908203125,0.165252685546875,-25.741439819335938
202,-0.7758690714836121,0.37577286561066714,0.8248412013053894,1.390500740208898,-19.460784912109375,0.186431884765625,-25.754989624023438
203,-0.7758201360702515,0.3821307738595685,0.8288919925689697,1.3967450420048575,-19.457168579101562,0.264068603515625,-25.785430908203125
204,-0.7759787440299988,0.3787085135751447,0.82277512550354,1.3932976136591773,-19.370498657226562,0.309051513671875,-25.771835327148438
205,-0.7759459018707275,0.37981835206086245,0.8304840326309204,1.3930348167803626,-19.438262939453125,0.347442626953125,-25.809219360351562
206,-0.7759314179420471,0.3773812373452863,0.8229315876960754,1.3905466059830527,-19.368560791015625,0.3722381591796875,-25.800491333007812
207,-0.7759841680526733,0.3802861293130597,0.8304947018623352,1.39257508615521,-19.41741943359375,0.4397735595703125,-25.840972900390625
208,-0.7760310173034668,0.38031855423981753,0.8220446109771729,1.3923099497940878,-19.35302734375,0.4721832275390625,-25.831024169921875
209,-0.7759250998497009,0.38253298600251284,0.8297107815742493,1.392689243951116,-19.43304443359375,0.5121917724609375,-25.869308471679688
210,-0.7760663628578186,0.37904015381867495,0.8230063915252686,1.388391793766294,-19.354782104492188,0.5191650390625,-25.860763549804688
211,-0.7758395075798035,0.3838717063241681,0.829964816570282,1.3924236307528357,-19.436614990234375,0.5638427734375,-25.88677978515625
212,-0.7761895060539246,0.38445916970307437,0.8225184082984924,1.392492369809423,-19.313491821289062,0.594085693359375,-25.873687744140625
213,-0.7762702703475952,0.38209286530549136,0.8239110112190247,1.388710037865911,-19.31781005859375,0.6077728271484375,-25.907058715820312
214,-0.7760223150253296,0.3855480273538312,0.8292680978775024,1.390844584503446,-19.3621826171875,0.668609619140625,-25.921035766601562
215,-0.776405394077301,0.383869083719798,0.824307382106781,1.3893593559649329,-19.285430908203125,0.6863555908203125,-25.907913208007812
216,-0.7762994170188904,0.3823474963479718,0.8248082399368286,1.384919629493032,-19.325958251953125,0.6779327392578125,-25.926467895507812
217,-0.7762936353683472,0.38343659241730776,0.8294098973274231,1.3874532590296607,-19.342864990234375,0.7428436279296875,-25.94097900390625
218,-0.7764024138450623,0.382131965952464,0.8242430090904236,1.3876655111697058,-19.29290771484375,0.7840423583984375,-25.926986694335938
219,-0.776531994342804,0.3830441554361066,0.8267666697502136,1.3876028517868857,-19.281478881835938,0.8470916748046875,-25.937698364257812
220,-0.7755643129348755,0.37925663788849917,0.8229679465293884,1.3788089166071753,-19.256454467773438,0.7888336181640625,-25.944122314453125
221,-0.7762880921363831,0.3815945704751691,0.8314468264579773,1.3842999498036246,-19.296966552734375,0.90191650390625,-25.97845458984375
222,-0.776346743106842,0.37975397904450503,0.8257797956466675,1.3831325034287314,-19.194137573242188,0.9196929931640625,-25.96112060546875
223,-0.7765128016471863,0.38320699532563296,0.8285315632820129,1.3864735225823264,-19.1959228515625,1.0078887939453125,-25.975662231445312
224,-0.7765442132949829,0.3834740241342267,0.8280937671661377,1.3858895609763007,-19.163055419921875,1.0185394287109375,-25.97772216796875
225,-0.7762924432754517,0.3819164355569562,0.8269044160842896,1.3784460733321051,-19.143035888671875,0.9775238037109375,-25.973464965820312
226,-0.7763463258743286,0.3831223567300519,0.832031786441803,1.380867258706365,-19.183670043945312,1.031585693359375,-25.99053955078125
227,-0.7766480445861816,0.3840364535623273,0.8264622092247009,1.383932770290647,-19.17010498046875,1.0546417236328125,-25.96783447265625
228,-0.7766878604888916,0.38541594346100894,0.8249558806419373,1.383988739052091,-19.167648315429688,1.0875244140625,-25.97698974609375
229,-0.7765334844589233,0.38678971131379214,0.8279625773429871,1.3857925544169287,-19.187606811523438,1.101806640625,-25.993499755859375
230,-0.7766274213790894,0.3853820880227765,0.8239319920539856,1.3841286758568625,-19.122711181640625,1.099884033203125,-25.99102783203125
231,-0.7764680981636047,0.38901987870270816,0.8280600309371948,1.3870326290514807,-19.127731323242188,1.1025238037109375,-26.00592041015625
232,-0.7765752673149109,0.38914290268952456,0.8245249390602112,1.3873099098589758,-19.1065673828125,1.1159820556640625,-26.000228881835938
233,-0.7765867114067078,0.38929048378998843,0.8253868818283081,1.3862254778530936,-19.122451782226562,1.1492156982421875,-26.02020263671875
234,-0.7766599655151367,0.3874856551461896,0.8253268003463745,1.3838059912112097,-19.043731689453125,1.137054443359375,-26.017333984375
235,-0.7757673263549805,0.3827897628122052,0.8222153186798096,1.3778736601260047,-19.055145263671875,1.0758514404296875,-26.028411865234375
236,-0.7764941453933716,0.38564792473847476,0.8303287625312805,1.3824645290758948,-19.116668701171875,1.1545257568359375,-26.063796997070312
237,-0.7765828967094421,0.38527742226655093,0.8245435357093811,1.381665946045194,-19.119583129882812,1.14544677734375,-26.038101196289062
238,-0.7766793966293335,0.3853153308206281,0.8270286321640015,1.3831119696286063,-19.073974609375,1.1683807373046875,-26.0506591796875
239,-0.776695728302002,0.38582769234711733,0.8247165679931641,1.3842659751561026,-19.0640869140625,1.18115234375,-26.060256958007812
240,-0.7764503955841064,0.38329521019990054,0.8235868215560913,1.3823642442610602,-19.089385986328125,1.1708831787109375,-26.068222045898438
241,-0.7766832709312439,0.38538781006867495,0.8268378973007202,1.3829737166550498,-19.097366333007812,1.2093505859375,-26.081558227539062
242,-0.7766343951225281,0.3873905261331281,0.827228844165802,1.3843196789410452,-19.079788208007812,1.226287841796875,-26.084091186523438
243,-0.7766308784484863,0.38920346100861636,0.8264637589454651,1.384821386137281,-19.04766845703125,1.1891632080078125,-26.080612182617188
244,-0.7766354084014893,0.3889645655923566,0.8253853917121887,1.384080127873693,-18.992691040039062,1.170745849609375,-26.080108642578125
245,-0.7765407562255859,0.3903206904702863,0.8273462057113647,1.3851826498892645,-19.026046752929688,1.1837615966796875,-26.09124755859375
246,-0.7764456272125244,0.392036112146922,0.828248918056488,1.385810256996427,-19.09674072265625,1.211669921875,-26.08660888671875
247,-0.7765610814094543,0.39220968087250796,0.8252580761909485,1.3873862783100943,-19.049484252929688,1.2138824462890625,-26.07672119140625
248,-0.7765277028083801,0.3920773585611066,0.8263744711875916,1.3885001997139792,-19.0386962890625,1.2070465087890625,-26.06146240234375
249,-0.7765796780586243,0.38991847832734194,0.8258091807365417,1.3871914903309683,-18.925994873046875,1.2375946044921875,-26.038803100585938
250,-0.776580274105072,0.39097228844697085,0.8269280195236206,1.3871404836562018,-18.995162963867188,1.25408935546875,-26.03662109375
251,-0.7765713930130005,0.3908120711618146,0.8244566321372986,1.3862147043135504,-18.988937377929688,1.2527618408203125,-26.024063110351562
252,-0.7766422629356384,0.3873173316293439,0.8267272710800171,1.384000794091497,-19.065170288085938,1.25628662109375,-26.03240966796875
253,-0.7766695618629456,0.3861388285928449,0.8251709938049316,1.3834618190911154,-19.02789306640625,1.2516021728515625,-26.038299560546875
254,-0.7766646146774292,0.38558903534943667,0.8254313468933105,1.3839264223959784,-19.0389404296875,1.2520294189453125,-26.058975219726562
255,-0.7747347354888916,0.37765160401398745,0.8209078311920166,1.3724343935635428,-19.111053466796875,1.16815185546875,-26.07110595703125
256,-0.776141345500946,0.3831247409158429,0.8328477740287781,1.3769761184838156,-19.241928100585938,1.2654266357421875,-26.17144775390625
257,-0.7763904333114624,0.3814856131845197,0.8292334079742432,1.3769348273661475,-19.169021606445312,1.2671661376953125,-26.12908935546875
258,-0.7762632369995117,0.380592020350047,0.8247926831245422,1.3775300542500357,-19.146804809570312,1.3050994873046875,-26.11358642578125
259,-0.7760747075080872,0.38401547272736636,0.8341147303581238,1.3798262337830405,-19.205230712890625,1.37646484375,-26.118362426757812
260,-0.7765540480613708,0.3814725001626691,0.8278120756149292,1.3784482489016394,-19.097457885742188,1.3600006103515625,-26.088241577148438
261,-0.7766647338867188,0.38477435906464663,0.8277448415756226,1.3813503245499472,-19.154632568359375,1.4126129150390625,-26.086273193359375
262,-0.7765552401542664,0.3828894217782697,0.8247983455657959,1.3798121670868735,-19.124008178710938,1.423736572265625,-26.091201782226562
263,-0.776578962802887,0.3839339335733136,0.8296531438827515,1.3805831829693656,-19.11407470703125,1.4725189208984375,-26.092071533203125
264,-0.7766294479370117,0.3866960128122052,0.8275490403175354,1.3818626264717917,-19.062026977539062,1.4742889404296875,-26.079574584960938
265,-0.7766972184181213,0.38640681107575503,0.8244585394859314,1.3815900395300726,-19.042922973632812,1.48468017578125,-26.082489013671875
266,-0.7765536904335022,0.394644172983714,0.826038658618927,1.387145415940557,-19.159652709960938,1.49993896484375,-26.09149169921875
267,-0.7768695950508118,0.3954841216378888,0.8243495225906372,1.390939355888639,-19.090103149414062,1.5771484375,-26.062744140625
268,-0.7769894003868103,0.3985666354470929,0.8228915929794312,1.3938952396300177,-19.033950805664062,1.5750732421875,-26.033401489257812
269,-0.7769044637680054,0.400686653452464,0.8255454301834106,1.395419449606214,-19.017288208007812,1.6245880126953125,-26.027786254882812
270,-0.7770285606384277,0.4015099128061017,0.821061909198761,1.3971596817162375,-18.95538330078125,1.6607513427734375,-26.006256103515625
271,-0.7771062254905701,0.4014667590432843,0.8217219114303589,1.3954875479128699,-18.938995361328125,1.680755615234375,-26.012832641601562
272,-0.7771644592285156,0.40145746071869937,0.8226161599159241,1.394706086316381,-18.907623291015625,1.6937408447265625,-26.016281127929688
273,-0.7770644426345825,0.4033378680520734,0.8232219815254211,1.3965205262091498,-18.86541748046875,1.7393035888671875,-26.015579223632812
274,-0.7772023677825928,0.4015239795022687,0.8227964639663696,1.39382861653832,-18.833328247070312,1.74676513671875,-26.01702880859375
275,-0.7772226929664612,0.401677282648631,0.8223646283149719,1.3948007384922843,-18.800628662109375,1.7762908935546875,-26.010269165039062
276,-0.7772172093391418,0.40198746522004214,0.8228965997695923,1.394903645911489,-18.825775146484375,1.76959228515625,-26.02191162109375
277,-0.7772108912467957,0.4021765311532697,0.8238958716392517,1.3935076455262045,-18.8126220703125,1.785980224609375,-26.013885498046875
278,-0.7771612405776978,0.40107241471345034,0.8209731578826904,1.3931298116829733,-18.782867431640625,1.8302154541015625,-26.00701904296875
279,-0.777169942855835,0.40202012856537905,0.826627790927887,1.3929587612536292,-18.79193115234375,1.878204345703125,-26.024093627929688
280,-0.7771322131156921,0.39898601372773257,0.82170170545578,1.3920331309225897,-18.718780517578125,1.876861572265625,-26.008682250976562
281,-0.7772790193557739,0.3995224555307111,0.8260217905044556,1.392129854359899,-18.710617065429688,1.9192657470703125,-26.022491455078125
282,-0.7772431373596191,0.4020582755380353,0.8254947662353516,1.39444196323422,-18.707611083984375,1.9459228515625,-26.01312255859375
283,-0.7769598364830017,0.39885893662507144,0.8201910257339478,1.391741738715444,-18.680801391601562,1.9409027099609375,-26.001327514648438
284,-0.777083158493042,0.40141025384003726,0.8283172845840454,1.3929183493044714,-18.720306396484375,1.988128662109375,-26.035018920898438
285,-0.7770376801490784,0.3970364650064191,0.8218142986297607,1.3908092389490943,-18.647232055664062,2.005523681640625,-26.0040283203125
286,-0.7772814631462097,0.4000450690561017,0.8266795873641968,1.3933117846634726,-18.69927978515625,2.0767974853515625,-26.0296630859375
287,-0.7766147255897522,0.39634576638276187,0.8202186226844788,1.3868711749699454,-18.653839111328125,2.0210113525390625,-26.015960693359375
288,-0.7768557071685791,0.39957967598969546,0.831461489200592,1.3906860361483435,-18.709487915039062,2.1007080078125,-26.045272827148438
289,-0.7772703766822815,0.39861408074433413,0.8274749517440796,1.3892338136818747,-18.578125,2.1112823486328125,-26.012344360351562
290,-0.7771612405776978,0.396576078730174,0.8240906596183777,1.3886975357916693,-18.488800048828125,2.1279296875,-26.00225830078125
291,-0.7773285508155823,0.39972940285737124,0.8280999660491943,1.3911683271315436,-18.54144287109375,2.1672821044921875,-26.009063720703125
292,-0.7773502469062805,0.40130391915375796,0.8258377909660339,1.3933818201210837,-18.502975463867188,2.2078094482421875,-25.995437622070312
293,-0.7771556377410889,0.39793315728242007,0.8227168917655945,1.388461054363523,-18.513442993164062,2.2072296142578125,-25.99090576171875
294,-0.7772461771965027,0.40214434464509097,0.8277661800384521,1.3909300277617316,-18.647079467773438,2.24871826171875,-26.019134521484375
295,-0.7773880958557129,0.40096584160859194,0.823674738407135,1.3887748281147818,-18.605087280273438,2.214569091796875,-26.000518798828125
296,-0.777326226234436,0.40302768548066226,0.8274521231651306,1.3894391963866095,-18.557083129882812,2.23944091796875,-26.011795043945312
297,-0.7773414254188538,0.4009105284982404,0.8239362835884094,1.3875023434546332,-18.486297607421875,2.2405242919921875,-26.002151489257812
298,-0.777414858341217,0.4023906310373029,0.8260368704795837,1.3886237005379538,-18.534561157226562,2.2895355224609375,-26.018463134765625
299,-0.7774198055267334,0.4034008105569562,0.8262934684753418,1.389488653340612,-18.533401489257812,2.3086700439453125,-26.013412475585938
300,-0.777377188205719,0.4011119921975812,0.8264054656028748,1.3856480727579932,-18.545059204101562,2.3014373779296875,-26.001922607421875
301,-0.7771984934806824,0.4018100817971906,0.8297691941261292,1.3875186006214957,-18.557937622070312,2.359619140625,-26.017364501953125
302,-0.7774509787559509,0.40123811562592593,0.8248842358589172,1.387551994123731,-18.490753173828125,2.3620452880859375,-25.993392944335938
303,-0.777474045753479,0.40141096909577456,0.8253106474876404,1.3865210274842124,-18.468948364257812,2.3799591064453125,-26.00152587890625
304,-0.7774898409843445,0.40250554879242983,0.825052797794342,1.3864562074330191,-18.46551513671875,2.42974853515625,-26.0179443359375
305,-0.7774550318717957,0.4006270488076886,0.8254661560058594,1.3846987346794943,-18.478836059570312,2.46771240234375,-26.033309936523438
306,-0.7774980068206787,0.4012326319986066,0.8266274333000183,1.3842731426146369,-18.511276245117188,2.5026397705078125,-26.053512573242188
307,-0.7775166630744934,0.4010497649484357,0.8274883031845093,1.3823161731150488,-18.490585327148438,2.5236053466796875,-26.057159423828125
308,-0.7774778604507446,0.4010044654184064,0.8252774477005005,1.3837396512415747,-18.418075561523438,2.5545654296875,-26.052581787109375
309,-0.777553379535675,0.4028803427987775,0.8271669149398804,1.3859385112908225,-18.370132446289062,2.587799072265625,-26.068939208984375
310,-0.7770615816116333,0.40038910706574526,0.8204262256622314,1.3845534483578543,-18.422271728515625,2.6168670654296875,-26.065109252929688
311,-0.7771791815757751,0.4039072116189679,0.8297606706619263,1.387992383041654,-18.495254516601562,2.639434814453125,-26.101577758789062
312,-0.7773604989051819,0.40149179299409,0.8227461576461792,1.3828346292164664,-18.43841552734375,2.6279449462890625,-26.081008911132812
313,-0.7774773240089417,0.403717192011424,0.8282845616340637,1.3852062682297568,-18.488632202148438,2.659820556640625,-26.088287353515625
314,-0.7776084542274475,0.40374484856659976,0.8258573412895203,1.3847317109492163,-18.46392822265625,2.7029571533203125,-26.078933715820312
315,-0.777510404586792,0.40090719063813296,0.8237832188606262,1.384497315683637,-18.440704345703125,2.7222137451171875,-26.081314086914062
316,-0.7775776386260986,0.40177741845185366,0.8274057507514954,1.385686189928327,-18.444168090820312,2.7502593994140625,-26.090911865234375
317,-0.7770599126815796,0.3978888114267072,0.8221085071563721,1.3823362747814993,-18.352462768554688,2.7574005126953125,-26.077743530273438
318,-0.7773216366767883,0.4013117869668683,0.831301748752594,1.3858061442759375,-18.428466796875,2.838531494140625,-26.105712890625
319,-0.7774759531021118,0.39773169358307925,0.8259888887405396,1.3820862034943442,-18.339462280273438,2.8289337158203125,-26.080001831054688
320,-0.7775790095329285,0.3976933081918439,0.828703761100769,1.3829268823054175,-18.345230102539062,2.8680267333984375,-26.079345703125
321,-0.7776803970336914,0.3999790271096906,0.8272405862808228,1.38476757804421,-18.2979736328125,2.899078369140625,-26.060272216796875
322,-0.7776135206222534,0.40207758744294253,0.827276885509491,1.3868088285115103,-18.296249389648438,2.918731689453125,-26.061386108398438
323,-0.7775875329971313,0.4022599776559552,0.8250004649162292,1.3865515301611762,-18.27740478515625,2.9188079833984375,-26.063079833984375
324,-0.7776051759719849,0.3996121009164533,0.8265231251716614,1.3829757879164557,-18.324005126953125,2.902313232421875,-26.062713623046875
325,-0.7776292562484741,0.40032544930512515,0.8300603032112122,1.3841971466925482,-18.314956665039062,2.8990325927734375,-26.059738159179688
326,-0.7776567339897156,0.4010678847604474,0.8263028264045715,1.3862752775338034,-18.297897338867188,2.9226837158203125,-26.036178588867188
327,-0.7776936292648315,0.3996476252847394,0.8279864192008972,1.38513079384831,-18.332473754882812,2.952239990234375,-26.03753662109375
328,-0.7776235938072205,0.4015084822946271,0.8282639384269714,1.3858410129931311,-18.33160400390625,2.9702911376953125,-26.032608032226562
329,-0.7777048349380493,0.40133300622040835,0.8287463188171387,1.3834934095528464,-18.33013916015625,2.953460693359375,-26.024368286132812
330,-0.7777274250984192,0.4023751338296613,0.8271389007568359,1.3832725892451148,-18.312332153320312,2.9836883544921875,-26.0155029296875
331,-0.7776601314544678,0.40028158028657046,0.8283280730247498,1.3822537372496466,-18.356964111328125,3.0341339111328125,-26.019790649414062
332,-0.7776924967765808,0.40137568314606753,0.8287588357925415,1.3822830329325537,-18.355560302734375,3.0470123291015625,-26.0107421875
333,-0.7775927782058716,0.40558853943879214,0.8269811272621155,1.3861960778620581,-18.353927612304688,3.061767578125,-26.002349853515625
334,-0.777628481388092,0.4062065203958234,0.826097309589386,1.385364563265119,-18.339324951171875,3.059906005859375,-25.996078491210938
335,-0.7776399254798889,0.40605107148224917,0.8268795609474182,1.3828870664027075,-18.352554321289062,3.0324554443359375,-25.997833251953125
336,-0.7776031494140625,0.40703931649262515,0.8239251375198364,1.3835591683771948,-18.298065185546875,3.019256591796875,-26.000869750976562
337,-0.7776500582695007,0.40766421158845034,0.8255009651184082,1.3841126869109015,-18.31622314453125,3.0020904541015625,-26.017379760742188
338,-0.7776690125465393,0.4035648425393781,0.828895628452301,1.3807891021159033,-18.34893798828125,3.018096923828125,-26.025009155273438
339,-0.777726948261261,0.40292111237580386,0.8279392719268799,1.3817181746151785,-18.32421875,3.0343475341796875,-26.01617431640625
340,-0.7776744961738586,0.4020110686593732,0.8289943933486938,1.3837554762747626,-18.306930541992188,3.0587005615234375,-26.00518798828125
341,-0.7764219641685486,0.3969170172982892,0.8231787085533142,1.3739639381554465,-18.28656005859375,2.9998779296875,-26.00030517578125
342,-0.777461588382721,0.3981663306527814,0.8295672535896301,1.377707646289144,-18.372772216796875,3.016693115234375,-26.055130004882812
343,-0.7776404023170471,0.3997248729043683,0.828167736530304,1.3819773803141455,-18.347274780273438,3.0514678955078125,-26.04888916015625
344,-0.7776747345924377,0.4004556258493146,0.826267659664154,1.3826907585051398,-18.351226806640625,3.0573883056640625,-26.033554077148438
345,-0.7775830626487732,0.40325322945649233,0.827826201915741,1.3854773054507117,-18.352371215820312,3.0833740234375,-26.03741455078125
346,-0.7777369022369385,0.4012223799997052,0.8254943490028381,1.384324894347463,-18.302780151367188,3.0894317626953125,-26.03125
347,-0.7776947021484375,0.40275374253327456,0.8266082406044006,1.3848404149201254,-18.287628173828125,3.1288909912109375,-26.0447998046875
348,-0.777674674987793,0.40008440812165347,0.8261998891830444,1.383274764814649,-18.290847778320312,3.1484375,-26.05316162109375
349,-0.7775321006774902,0.4051827510171613,0.8286037445068359,1.388634086647306,-18.302581787109375,3.1608428955078125,-26.056686401367188
350,-0.7775179743766785,0.40455523331696597,0.8243963122367859,1.3889400223877768,-18.260696411132812,3.1785736083984375,-26.033966064453125
351,-0.7776620984077454,0.4057158549600324,0.8268018960952759,1.3901706049826483,-18.253890991210938,3.208770751953125,-26.0374755859375
352,-0.7776982188224792,0.4062532504373273,0.8263982534408569,1.3912930200484137,-18.253768920898438,3.23876953125,-26.024673461914062
353,-0.7777655124664307,0.40798583825165835,0.8270724415779114,1.3925821791079382,-18.211227416992188,3.2545928955078125,-26.007415771484375
354,-0.7777718305587769,0.4103280623727521,0.8277839422225952,1.3943641940739493,-18.199462890625,3.290374755859375,-25.987655639648438
355,-0.7778088450431824,0.40946594079072085,0.8239105939865112,1.3933319459345679,-18.114181518554688,3.324462890625,-25.9696044921875
356,-0.7774015665054321,0.4123720248513898,0.8317914009094238,1.3936618725445609,-18.06976318359375,3.3330230712890625,-25.97491455078125
357,-0.7775717973709106,0.4093782027536115,0.8221607208251953,1.39166554907826,-18.006546020507812,3.387603759765625,-25.954116821289062
358,-0.7747144103050232,0.41640582879120913,0.8414320349693298,1.3929883251574378,-18.204605102539062,3.402069091796875,-25.976348876953125
359,-0.7777966856956482,0.4106608947091779,0.8263024687767029,1.3893370340254645,-18.045196533203125,3.385772705078125,-25.940048217773438
360,-0.7777880430221558,0.4099270423227033,0.8279083371162415,1.3889845321562628,-18.026336669921875,3.405517578125,-25.931793212890625
361,-0.7778708934783936,0.40899053414399233,0.8266627192497253,1.3905034820225577,-18.014678955078125,3.45611572265625,-25.929061889648438
362,-0.7778171300888062,0.4074455817514142,0.825632631778717,1.3909371207144599,-17.967147827148438,3.504302978515625,-25.92926025390625
363,-0.7778440713882446,0.40972247918183413,0.829611599445343,1.3930279920485358,-17.993576049804688,3.558441162109375,-25.93206787109375
364,-0.7779537439346313,0.4104341586404523,0.8251915574073792,1.3951171348479132,-17.97833251953125,3.565887451171875,-25.91143798828125
365,-0.7779210805892944,0.41257539589936343,0.8277357816696167,1.3969399193909506,-17.96282958984375,3.550628662109375,-25.915481567382812
366,-0.7780322432518005,0.41315952141816226,0.8254944682121277,1.3973158756878714,-17.87982177734375,3.5585784912109375,-25.897506713867188
367,-0.7780037522315979,0.41237846215302554,0.8249119520187378,1.3959673355009894,-17.8895263671875,3.570526123046875,-25.906158447265625
368,-0.7779706716537476,0.4135362227731427,0.8279308080673218,1.3968648920443396,-17.873367309570312,3.59210205078125,-25.921417236328125
369,-0.7778685092926025,0.41439762909943667,0.8228675723075867,1.3969172100212912,-17.839889526367188,3.59747314453125,-25.90496826171875
370,-0.7780002951622009,0.41483584244782534,0.8264957666397095,1.397430227198873,-17.868865966796875,3.55010986328125,-25.920578002929688
371,-0.7779957056045532,0.41068402131135073,0.8263658881187439,1.3942999402668814,-17.802780151367188,3.5511474609375,-25.90802001953125
372,-0.7780345678329468,0.4112419207864484,0.8271209597587585,1.3952968875553946,-17.799652099609375,3.5618133544921875,-25.890045166015625
373,-0.7778682112693787,0.40868631203705874,0.8259651064872742,1.3918336192753653,-17.822219848632812,3.5347137451171875,-25.87652587890625
374,-0.7777950167655945,0.40817180474335757,0.8306511044502258,1.3916081945088248,-17.89044189453125,3.5719146728515625,-25.883346557617188
375,-0.7779224514961243,0.40739074547822085,0.8272266983985901,1.3914626548674445,-17.8739013671875,3.6074981689453125,-25.866683959960938
376,-0.7779728174209595,0.40932765801484194,0.8272551894187927,1.3923509428885321,-17.8760986328125,3.61138916015625,-25.865982055664062
377,-0.7778644561767578,0.40655151207978335,0.8264877200126648,1.3912378261473517,-17.899093627929688,3.6165771484375,-25.85943603515625
378,-0.7779349684715271,0.40652099450165835,0.8288151025772095,1.392226175465856,-17.913467407226562,3.6490325927734375,-25.863510131835938
379,-0.7777929902076721,0.4046653827005109,0.8264191746711731,1.3912289003517966,-17.881057739257812,3.681243896484375,-25.852523803710938
380,-0.7776411175727844,0.4072028716378888,0.8331643342971802,1.392744050421987,-17.909835815429688,3.704925537109375,-25.860122680664062
381,-0.777894914150238,0.4065774997049054,0.8270987272262573,1.3914988050845007,-17.8511962890625,3.6888275146484375,-25.842636108398438
382,-0.777941882610321,0.40685978730256167,0.8287625908851624,1.3916096995261054,-17.874557495117188,3.704437255859375,-25.85076904296875
383,-0.7778721451759338,0.40476599534089175,0.8291754722595215,1.390152738490377,-17.898590087890625,3.70916748046875,-25.843963623046875
384,-0.77789705991745,0.4061628897958478,0.8304247856140137,1.3932645628836493,-17.8873291015625,3.743408203125,-25.833282470703125
385,-0.7775095701217651,0.4029432853036603,0.8247179985046387,1.3908917615797858,-17.861099243164062,3.7623291015625,-25.823287963867188
386,-0.7777367234230042,0.40653768380219546,0.8321940898895264,1.3939661691573004,-17.888717651367188,3.776885986328125,-25.844863891601562
387,-0.7779926657676697,0.40612545807892886,0.8279733657836914,1.3937130133297781,-17.835723876953125,3.7740631103515625,-25.833328247070312
388,-0.7779331207275391,0.40823069413239566,0.8296974897384644,1.3965038518097739,-17.827911376953125,3.7821197509765625,-25.83837890625
389,-0.7774767875671387,0.4054788668924054,0.8236836791038513,1.3921688954022269,-17.779373168945312,3.745147705078125,-25.817428588867188
390,-0.7778454422950745,0.40613714058930483,0.8314043879508972,1.3936975310232977,-17.804061889648438,3.7609100341796875,-25.844528198242188
391,-0.7779234051704407,0.40625873406464663,0.8269906044006348,1.3928209404137473,-17.763107299804688,3.7750701904296875,-25.835983276367188
392,-0.7779222726821899,0.40657964547211733,0.8303152322769165,1.3928940455105643,-17.813018798828125,3.7737579345703125,-25.844345092773438
393,-0.777942955493927,0.4061326106363019,0.8277735710144043,1.3925974080946784,-17.801605224609375,3.790985107421875,-25.833450317382812
394,-0.7780016660690308,0.40775385697419253,0.82779461145401,1.3948945562031607,-17.818405151367188,3.7938079833984375,-25.839111328125
395,-0.7779550552368164,0.4056240638070783,0.8283187747001648,1.3924125591900687,-17.847763061523438,3.8157806396484375,-25.834213256835938
396,-0.7779839634895325,0.4063941558175763,0.8285069465637207,1.3929571668293814,-17.876739501953125,3.8037872314453125,-25.831573486328125
397,-0.7780076265335083,0.4073032458596906,0.8274785280227661,1.3945832709458212,-17.870132446289062,3.8050689697265625,-25.820022583007812
398,-0.7779804468154907,0.4081343730264386,0.829625129699707,1.394613386192594,-17.871810913085938,3.802032470703125,-25.81878662109375
399,-0.7776331901550293,0.40698018868500796,0.8238593935966492,1.3918093601849417,-17.837387084960938,3.7643585205078125,-25.801162719726562
400,-0.7778986692428589,0.4102486689859113,0.8294546008110046,1.3949875692513327,-17.907913208007812,3.782806396484375,-25.83306884765625
401,-0.7779213190078735,0.4077068885141095,0.8255434036254883,1.3937497148897986,-17.862274169921875,3.7652435302734375,-25.811798095703125
402,-0.7778877019882202,0.41051808198029605,0.8297387957572937,1.395669744410787,-17.8834228515625,3.7657012939453125,-25.820724487304688
403,-0.7779569625854492,0.4095663150125226,0.8262375593185425,1.3925835202124457,-17.833389282226562,3.7562255859375,-25.799713134765625
404,-0.7779749035835266,0.4101590236001691,0.829261064529419,1.393000797429357,-17.84539794921875,3.7785186767578125,-25.820663452148438
405,-0.7779824733734131,0.40931454499299136,0.8261508345603943,1.3939056108382086,-17.7791748046875,3.77789306640625,-25.804855346679688
406,-0.7779812812805176,0.4113504012399396,0.828101396560669,1.3952049473908286,-17.815322875976562,3.766937255859375,-25.818649291992188
407,-0.777786910533905,0.40722361405427066,0.8309260606765747,1.3908102820303778,-18.038894653320312,3.7353668212890625,-25.8055419921875
408,-0.7778992056846619,0.406621130304881,0.8290755152702332,1.3898580531266074,-17.965988159179688,3.755859375,-25.787521362304688
409,-0.7779501676559448,0.4065426905923566,0.828086793422699,1.3917475650694708,-17.961715698242188,3.7656707763671875,-25.788986206054688
410,-0.7779233455657959,0.4066998084359845,0.8298254013061523,1.392352090277944,-17.938140869140625,3.7821502685546875,-25.795883178710938
411,-0.7777220606803894,0.4033261855416974,0.8256825804710388,1.392258540787969,-17.896865844726562,3.786956787109375,-25.794692993164062
412,-0.7779474258422852,0.4052578528695783,0.829677402973175,1.3947637091067175,-17.90350341796875,3.799072265625,-25.824539184570312
413,-0.7779923677444458,0.40667501290375796,0.8284589052200317,1.3938155333187918,-17.896102905273438,3.8171844482421875,-25.816329956054688
414,-0.7780047059059143,0.4070622046762189,0.8275445699691772,1.3939766148712973,-17.873992919921875,3.8311920166015625,-25.807373046875
415,-0.777963399887085,0.40599981148774233,0.8284343481063843,1.392625973620687,-17.85345458984375,3.8365631103515625,-25.822402954101562
416,-0.7779785394668579,0.4058126529031476,0.8290574550628662,1.392771334448133,-17.877655029296875,3.8380889892578125,-25.823043823242188
417,-0.7778646945953369,0.4065863211923322,0.8307207226753235,1.3936523059990744,-17.89581298828125,3.8526153564453125,-25.82000732421875
418,-0.7779395580291748,0.4078883250528058,0.8256182670593262,1.3944569240000586,-17.8509521484375,3.86907958984375,-25.81536865234375
419,-0.7780060768127441,0.4085384925180158,0.8273673057556152,1.3948393324997763,-17.898284912109375,3.8680877685546875,-25.819686889648438
420,-0.7779385447502136,0.40589800675446597,0.8267189860343933,1.3926002393153052,-17.92999267578125,3.861846923828125,-25.8143310546875
421,-0.777961790561676,0.405689152079173,0.829463005065918,1.392878414192472,-17.973861694335938,3.8743438720703125,-25.821258544921875
422,-0.7779619693756104,0.40478030045563784,0.8287881016731262,1.392727599540029,-17.927200317382812,3.885650634765625,-25.808517456054688
423,-0.7778878808021545,0.40639630158478823,0.8302900195121765,1.394122258820806,-17.944244384765625,3.88623046875,-25.811965942382812
424,-0.777923583984375,0.4030188639932355,0.8278948664665222,1.3933440903809409,-17.921173095703125,3.8387451171875,-25.804168701171875
425,-0.7778682112693787,0.4053691943460187,0.8306756019592285,1.3950882563975195,-17.9019775390625,3.844940185546875,-25.806686401367188
426,-0.7777982354164124,0.4051226695352277,0.8248240947723389,1.395251796641622,-17.844589233398438,3.8672943115234375,-25.793045043945312
427,-0.7777628302574158,0.4078587611489972,0.8303945064544678,1.3973223427918295,-17.915786743164062,3.87005615234375,-25.80535888671875
428,-0.7778012752532959,0.405705602961131,0.824996829032898,1.3932111422207694,-17.894134521484375,3.849456787109375,-25.79217529296875
429,-0.7777081727981567,0.40935722191865054,0.8313265442848206,1.3957681516793112,-17.925643920898438,3.8444976806640625,-25.810089111328125
430,-0.7779711484909058,0.40937438805634585,0.8255783319473267,1.395362646379743,-17.879501342773438,3.839385986328125,-25.785614013671875
431,-0.7779902815818787,0.4091502745919904,0.8289098739624023,1.3949078480389456,-17.870452880859375,3.8324432373046875,-25.79742431640625
432,-0.7780231237411499,0.4085711558633527,0.8288295269012451,1.3943300555136542,-17.813919067382812,3.8223724365234375,-25.786483764648438
433,-0.7778186798095703,0.40662828286225405,0.8249380588531494,1.393953071036611,-17.848037719726562,3.8415679931640625,-25.779190063476562
434,-0.7780078649520874,0.40595808823639956,0.8286628723144531,1.394200132289205,-17.865692138671875,3.8336639404296875,-25.786788940429688
435,-0.7780125737190247,0.4073196967416486,0.8276848793029785,1.3947646329787116,-17.848129272460938,3.86700439453125,-25.788436889648438
436,-0.7776541709899902,0.40979924996430483,0.8318575024604797,1.3962952802565436,-17.857986450195312,3.8680267333984375,-25.781036376953125
437,-0.7778847217559814,0.4085446914010724,0.8249258399009705,1.3937755237009863,-17.818649291992188,3.853546142578125,-25.761611938476562
438,-0.7778059244155884,0.4120067675882062,0.8292166590690613,1.3974987576392035,-17.873046875,3.850982666015625,-25.782440185546875
439,-0.7779482007026672,0.40824762185151187,0.8264397978782654,1.3932613293316702,-17.800094604492188,3.8260498046875,-25.76873779296875
440,-0.7779441475868225,0.40929547150666323,0.8300018906593323,1.3936552862313132,-17.840805053710938,3.8180999755859375,-25.785507202148438
441,-0.7780000567436218,0.41047564347321597,0.8271573185920715,1.3959818641331534,-17.820785522460938,3.8322296142578125,-25.775619506835938
442,-0.7779563069343567,0.40647283394867983,0.8291032314300537,1.3922028253462653,-17.833328247070312,3.805206298828125,-25.78271484375
443,-0.7779247164726257,0.4090298732095441,0.8300137519836426,1.3943448374655585,-17.864501953125,3.8282470703125,-25.784957885742188
444,-0.7777776122093201,0.40702668030793276,0.8246389031410217,1.3932496021178107,-17.830093383789062,3.80963134765625,-25.773574829101562
445,-0.7778074741363525,0.41015544732148257,0.8304986953735352,1.3960345844414572,-17.905624389648438,3.821685791015625,-25.796279907226562
446,-0.777081310749054,0.40606251557404605,0.8220696449279785,1.3883038471129279,-17.860137939453125,3.7428741455078125,-25.778823852539062
447,-0.7775809168815613,0.40881267388398257,0.8338062167167664,1.3910344103958945,-17.919281005859375,3.7948150634765625,-25.842330932617188
448,-0.7778688073158264,0.40601673920685855,0.8291515111923218,1.3885196904328208,-17.836837768554688,3.81719970703125,-25.825576782226562
449,-0.7779003381729126,0.40667644341523257,0.8310438394546509,1.3910205225136618,-17.886703491210938,3.8420867919921875,-25.826873779296875
450,-0.7779360413551331,0.4063872416787824,0.8274479508399963,1.391557560363088,-17.882064819335938,3.85272216796875,-25.811386108398438
451,-0.7779667973518372,0.40726605256135073,0.8294402360916138,1.3934758166458945,-17.895355224609375,3.869476318359375,-25.816497802734375
452,-0.778005063533783,0.40792480309540835,0.8270668387413025,1.3943612287428717,-17.879806518554688,3.875640869140625,-25.806594848632812
453,-0.7779019474983215,0.4076086600595197,0.8302935361862183,1.3928104201939444,-17.8740234375,3.861053466796875,-25.816314697265625
454,-0.7779954671859741,0.4080864508920392,0.8268043994903564,1.394209743538175,-17.853485107421875,3.867218017578125,-25.810821533203125
455,-0.7778606414794922,0.4097467978769025,0.8303070068359375,1.3955842117455344,-17.857635498046875,3.8639068603515625,-25.8162841796875
456,-0.7778270244598389,0.40844169457490054,0.824346125125885,1.3937049518015723,-17.804641723632812,3.796112060546875,-25.797225952148438
457,-0.7778110504150391,0.4120642264657697,0.8293691277503967,1.3975912342455725,-17.872314453125,3.7987060546875,-25.822097778320312
458,-0.778019905090332,0.40960398514802066,0.8260443210601807,1.3948166827347617,-17.839370727539062,3.7657623291015625,-25.807327270507812
459,-0.7780104875564575,0.40899577935273257,0.8272926211357117,1.3940559784558157,-17.84100341796875,3.76715087890625,-25.807159423828125
460,-0.7780178785324097,0.4098826964669904,0.8282897472381592,1.3953684280302863,-17.825424194335938,3.7544097900390625,-25.812347412109375
461,-0.7777602076530457,0.4082569201760968,0.8238853216171265,1.393939227857862,-17.794219970703125,3.7641754150390625,-25.80023193359375
462,-0.7776082754135132,0.4111079295449933,0.8318451642990112,1.395571113624845,-17.90533447265625,3.774078369140625,-25.8277587890625
463,-0.7776355743408203,0.4075955470376691,0.8229480981826782,1.3935602317240576,-17.836898803710938,3.76715087890625,-25.803924560546875
464,-0.7777719497680664,0.40967670281464663,0.831303060054779,1.393984810509954,-17.921188354492188,3.768951416015625,-25.836578369140625
465,-0.7778151035308838,0.40795460541779605,0.8241741061210632,1.3934441665795188,-17.856689453125,3.773162841796875,-25.825897216796875
466,-0.7778953909873962,0.40885344346100894,0.8300745487213135,1.3935307870295386,-17.941024780273438,3.7617034912109375,-25.84765625
467,-0.7777862548828125,0.4065260012918195,0.8246926665306091,1.392570928731237,-17.925567626953125,3.764984130859375,-25.838150024414062
468,-0.7778877019882202,0.409564884501048,0.8293813467025757,1.3955618600037436,-17.941635131835938,3.76751708984375,-25.85809326171875
469,-0.777870237827301,0.40826311905915347,0.8243451118469238,1.3932522545245032,-17.893692016601562,3.759033203125,-25.832275390625
470,-0.7779520153999329,0.4081338961892804,0.8291890025138855,1.3928945968535285,-17.947952270507812,3.742401123046875,-25.852203369140625
471,-0.7780140042304993,0.4094010909372052,0.8262250423431396,1.3948463211443762,-17.925811767578125,3.7478179931640625,-25.83758544921875
472,-0.7779000997543335,0.41123524506623355,0.8290934562683105,1.3962444076922278,-17.89776611328125,3.7622222900390625,-25.8272705078125
473,-0.7778736352920532,0.4104000647836408,0.823918879032135,1.3960527191546301,-17.859649658203125,3.749542236328125,-25.811004638671875
474,-0.7779312133789062,0.41186204751069155,0.8280383348464966,1.3973428616907935,-17.883880615234375,3.7603302001953125,-25.84320068359375
475,-0.7779991030693054,0.4129084666543683,0.827193558216095,1.3974653194334845,-17.818008422851562,3.726593017578125,-25.833770751953125
476,-0.7779827117919922,0.412386568384715,0.8250396847724915,1.396552519002233,-17.814620971679688,3.7098388671875,-25.837020874023438
477,-0.7779967188835144,0.41256538231904116,0.8266798853874207,1.3957238654282431,-17.839935302734375,3.672210693359375,-25.8572998046875
478,-0.7779952883720398,0.4124003966623029,0.8264543414115906,1.3953860263016562,-17.862228393554688,3.6493682861328125,-25.852920532226562
479,-0.777918815612793,0.4104065020852765,0.824287474155426,1.3960956344988684,-17.897628784179688,3.6440582275390625,-25.854263305664062
480,-0.7779510617256165,0.4132134040170392,0.8277637362480164,1.3976130644467215,-17.92779541015625,3.6467437744140625,-25.87200927734375
481,-0.7776498198509216,0.41006222565705386,0.8223700523376465,1.3945399383690695,-17.836410522460938,3.6379852294921875,-25.86346435546875
482,-0.7775882482528687,0.4108132441812238,0.8319597840309143,1.395937562980924,-17.886367797851562,3.695892333984375,-25.899765014648438
483,-0.7778517007827759,0.4103921969705304,0.8237624764442444,1.39439515868691,-17.828643798828125,3.704925537109375,-25.882583618164062
484,-0.7780018448829651,0.4113949855142316,0.8275814652442932,1.3957650373366217,-17.847320556640625,3.7074432373046875,-25.906097412109375
485,-0.7779662013053894,0.410449894266673,0.8289802670478821,1.3935725102808814,-17.846435546875,3.695587158203125,-25.892440795898438
486,-0.7779553532600403,0.40811053116852847,0.8267301917076111,1.391890869536672,-17.835174560546875,3.7121429443359375,-25.874862670898438
487,-0.7779763340950012,0.40854707558686343,0.8287420868873596,1.3927884260800223,-17.888504028320312,3.7226409912109375,-25.877975463867188
488,-0.7775298357009888,0.4082540591531476,0.8234941959381104,1.3885842273619513,-17.878036499023438,3.8106536865234375,-25.864593505859375
489,-0.7776322364807129,0.412541540461131,0.8314981460571289,1.392316565909658,-17.943634033203125,3.859222412109375,-25.8990478515625
490,-0.7779192328453064,0.41126647790009585,0.8251904249191284,1.391229779520307,-17.840805053710938,3.8461761474609375,-25.875198364257812
491,-0.7779409289360046,0.4130252917581281,0.8282304406166077,1.393399060764585,-17.833251953125,3.828094482421875,-25.87646484375
492,-0.7779171466827393,0.408860596018382,0.8277339339256287,1.389782608547483,-17.779266357421875,3.8266143798828125,-25.855072021484375
493,-0.7779685258865356,0.41222897370392886,0.8282293081283569,1.3940170715239386,-17.80072021484375,3.8232879638671875,-25.855560302734375
494,-0.7779726386070251,0.40894738038117495,0.8276863694190979,1.3904659310963492,-17.823562622070312,3.805816650390625,-25.843002319335938
495,-0.7779830694198608,0.4101909716897687,0.8288396000862122,1.3923068503525595,-17.7886962890625,3.83514404296875,-25.84307861328125
496,-0.7779321670532227,0.41236224968964663,0.8285086154937744,1.394988135495458,-17.803604125976562,3.8294525146484375,-25.82879638671875
497,-0.77796870470047,0.41217866738373843,0.8283419013023376,1.394159392514501,-17.791107177734375,3.8038482666015625,-25.817703247070312
498,-0.7779713869094849,0.41267147858674136,0.8259492516517639,1.3939881483700614,-17.813919067382812,3.778778076171875,-25.8016357421875
499,-0.7780011892318726,0.4102675040536603,0.8283035755157471,1.3919566134598593,-17.840988159179688,3.7545928955078125,-25.805313110351562
500,-0.7777926921844482,0.40398469765717593,0.831497073173523,1.3873363892224173,-17.744842529296875,3.776275634765625,-25.799331665039062
